CREATE DATABASE  IF NOT EXISTS `javastats` /*!40100 DEFAULT CHARACTER SET utf8mb4 COLLATE utf8mb4_0900_ai_ci */ /*!80016 DEFAULT ENCRYPTION='N' */;
USE `javastats`;
-- MySQL dump 10.13  Distrib 8.0.33, for Win64 (x86_64)
--
-- Host: localhost    Database: javastats
-- ------------------------------------------------------
-- Server version	8.0.33

/*!40101 SET @OLD_CHARACTER_SET_CLIENT=@@CHARACTER_SET_CLIENT */;
/*!40101 SET @OLD_CHARACTER_SET_RESULTS=@@CHARACTER_SET_RESULTS */;
/*!40101 SET @OLD_COLLATION_CONNECTION=@@COLLATION_CONNECTION */;
/*!50503 SET NAMES utf8 */;
/*!40103 SET @OLD_TIME_ZONE=@@TIME_ZONE */;
/*!40103 SET TIME_ZONE='+00:00' */;
/*!40014 SET @OLD_UNIQUE_CHECKS=@@UNIQUE_CHECKS, UNIQUE_CHECKS=0 */;
/*!40014 SET @OLD_FOREIGN_KEY_CHECKS=@@FOREIGN_KEY_CHECKS, FOREIGN_KEY_CHECKS=0 */;
/*!40101 SET @OLD_SQL_MODE=@@SQL_MODE, SQL_MODE='NO_AUTO_VALUE_ON_ZERO' */;
/*!40111 SET @OLD_SQL_NOTES=@@SQL_NOTES, SQL_NOTES=0 */;

--
-- Table structure for table `hibernate_sequence`
--

DROP TABLE IF EXISTS `hibernate_sequence`;
/*!40101 SET @saved_cs_client     = @@character_set_client */;
/*!50503 SET character_set_client = utf8mb4 */;
CREATE TABLE `hibernate_sequence` (
  `next_val` bigint DEFAULT NULL
) ENGINE=InnoDB DEFAULT CHARSET=utf8mb4 COLLATE=utf8mb4_0900_ai_ci;
/*!40101 SET character_set_client = @saved_cs_client */;

--
-- Dumping data for table `hibernate_sequence`
--

LOCK TABLES `hibernate_sequence` WRITE;
/*!40000 ALTER TABLE `hibernate_sequence` DISABLE KEYS */;
INSERT INTO `hibernate_sequence` VALUES (2465);
/*!40000 ALTER TABLE `hibernate_sequence` ENABLE KEYS */;
UNLOCK TABLES;

--
-- Table structure for table `items`
--

DROP TABLE IF EXISTS `items`;
/*!40101 SET @saved_cs_client     = @@character_set_client */;
/*!50503 SET character_set_client = utf8mb4 */;
CREATE TABLE `items` (
  `id` bigint NOT NULL,
  `name` varchar(255) DEFAULT NULL,
  `mainitem_id` bigint DEFAULT NULL,
  PRIMARY KEY (`id`),
  KEY `FKcw26cxp4x6m94cp5edoqpqlyq` (`mainitem_id`),
  CONSTRAINT `FKcw26cxp4x6m94cp5edoqpqlyq` FOREIGN KEY (`mainitem_id`) REFERENCES `main_item` (`id`)
) ENGINE=InnoDB DEFAULT CHARSET=utf8mb4 COLLATE=utf8mb4_0900_ai_ci;
/*!40101 SET character_set_client = @saved_cs_client */;

--
-- Dumping data for table `items`
--

LOCK TABLES `items` WRITE;
/*!40000 ALTER TABLE `items` DISABLE KEYS */;
INSERT INTO `items` VALUES (2,'Cereal Name',1),(77,'Calories',1),(152,'Protein (g)',1),(227,'Fat',1),(302,'Sodium',1),(377,'Dietary Fiber',1),(452,'Carbs',1),(528,'Name',527),(639,'Type',527),(750,'AWD',527),(861,'RWD',527),(972,'Retail Price',527),(1083,'Dealer Cost',527),(1194,'Engine Size (l)',527),(1306,'Manufacturer',1305),(1319,'Model Name',1305),(1510,'Category',1305),(1701,'Screen Size',1305),(1892,'Screen',1305),(2083,'CPU',1305),(2274,'RAM',1305);
/*!40000 ALTER TABLE `items` ENABLE KEYS */;
UNLOCK TABLES;

--
-- Table structure for table `items_data`
--

DROP TABLE IF EXISTS `items_data`;
/*!40101 SET @saved_cs_client     = @@character_set_client */;
/*!50503 SET character_set_client = utf8mb4 */;
CREATE TABLE `items_data` (
  `id` bigint NOT NULL,
  `data` varchar(255) DEFAULT NULL,
  `id_item` bigint NOT NULL,
  `id_item_name` bigint DEFAULT NULL,
  PRIMARY KEY (`id`),
  KEY `FKi8uhpx6afspdsc4cct6q0qu4m` (`id_item`),
  KEY `FKod616072trqlnkvs5ec9hg8lf` (`id_item_name`),
  CONSTRAINT `FKi8uhpx6afspdsc4cct6q0qu4m` FOREIGN KEY (`id_item`) REFERENCES `items` (`id`),
  CONSTRAINT `FKod616072trqlnkvs5ec9hg8lf` FOREIGN KEY (`id_item_name`) REFERENCES `items_data_name` (`id`)
) ENGINE=InnoDB DEFAULT CHARSET=utf8mb4 COLLATE=utf8mb4_0900_ai_ci;
/*!40101 SET character_set_client = @saved_cs_client */;

--
-- Dumping data for table `items_data`
--

LOCK TABLES `items_data` WRITE;
/*!40000 ALTER TABLE `items_data` DISABLE KEYS */;
INSERT INTO `items_data` VALUES (78,'70',77,3),(79,'120',77,4),(80,'70',77,5),(81,'50',77,6),(82,'110',77,7),(83,'110',77,8),(84,'110',77,9),(85,'130',77,10),(86,'90',77,11),(87,'90',77,12),(88,'120',77,13),(89,'110',77,14),(90,'120',77,15),(91,'110',77,16),(92,'110',77,17),(93,'110',77,18),(94,'100',77,19),(95,'110',77,20),(96,'110',77,21),(97,'110',77,22),(98,'100',77,23),(99,'110',77,24),(100,'100',77,25),(101,'100',77,26),(102,'110',77,27),(103,'110',77,28),(104,'100',77,29),(105,'120',77,30),(106,'110',77,31),(107,'100',77,32),(108,'110',77,33),(109,'100',77,34),(110,'110',77,35),(111,'120',77,36),(112,'120',77,37),(113,'110',77,38),(114,'110',77,39),(115,'110',77,40),(116,'140',77,41),(117,'110',77,42),(118,'100',77,43),(119,'110',77,44),(120,'100',77,45),(121,'160',77,46),(122,'100',77,47),(123,'120',77,48),(124,'140',77,49),(125,'90',77,50),(126,'130',77,51),(127,'120',77,52),(128,'100',77,53),(129,'50',77,54),(130,'50',77,55),(131,'100',77,56),(132,'100',77,57),(133,'120',77,58),(134,'100',77,59),(135,'90',77,60),(136,'110',77,61),(137,'110',77,62),(138,'80',77,63),(139,'90',77,64),(140,'90',77,65),(141,'110',77,66),(142,'110',77,67),(143,'90',77,68),(144,'110',77,69),(145,'140',77,70),(146,'100',77,71),(147,'110',77,72),(148,'110',77,73),(149,'100',77,74),(150,'100',77,75),(151,'110',77,76),(153,'4',152,3),(154,'3',152,4),(155,'4',152,5),(156,'4',152,6),(157,'2',152,7),(158,'2',152,8),(159,'2',152,9),(160,'3',152,10),(161,'2',152,11),(162,'3',152,12),(163,'1',152,13),(164,'6',152,14),(165,'1',152,15),(166,'3',152,16),(167,'1',152,17),(168,'2',152,18),(169,'2',152,19),(170,'1',152,20),(171,'1',152,21),(172,'3',152,22),(173,'3',152,23),(174,'2',152,24),(175,'2',152,25),(176,'2',152,26),(177,'2',152,27),(178,'1',152,28),(179,'3',152,29),(180,'3',152,30),(181,'1',152,31),(182,'2',152,32),(183,'1',152,33),(184,'3',152,34),(185,'3',152,35),(186,'3',152,36),(187,'1',152,37),(188,'3',152,38),(189,'1',152,39),(190,'2',152,40),(191,'3',152,41),(192,'2',152,42),(193,'4',152,43),(194,'2',152,44),(195,'4',152,45),(196,'3',152,46),(197,'2',152,47),(198,'2',152,48),(199,'3',152,49),(200,'3',152,50),(201,'3',152,51),(202,'3',152,52),(203,'3',152,53),(204,'1',152,54),(205,'2',152,55),(206,'4',152,56),(207,'5',152,57),(208,'3',152,58),(209,'3',152,59),(210,'2',152,60),(211,'1',152,61),(212,'2',152,62),(213,'2',152,63),(214,'3',152,64),(215,'3',152,65),(216,'2',152,66),(217,'6',152,67),(218,'2',152,68),(219,'2',152,69),(220,'3',152,70),(221,'3',152,71),(222,'2',152,72),(223,'1',152,73),(224,'3',152,74),(225,'3',152,75),(226,'2',152,76),(228,'1',227,3),(229,'5',227,4),(230,'1',227,5),(231,'0',227,6),(232,'2',227,7),(233,'2',227,8),(234,'0',227,9),(235,'2',227,10),(236,'1',227,11),(237,'0',227,12),(238,'2',227,13),(239,'2',227,14),(240,'3',227,15),(241,'2',227,16),(242,'1',227,17),(243,'0',227,18),(244,'0',227,19),(245,'0',227,20),(246,'1',227,21),(247,'3',227,22),(248,'0',227,23),(249,'0',227,24),(250,'1',227,25),(251,'0',227,26),(252,'1',227,27),(253,'0',227,28),(254,'0',227,29),(255,'0',227,30),(256,'1',227,31),(257,'0',227,32),(258,'1',227,33),(259,'1',227,34),(260,'0',227,35),(261,'3',227,36),(262,'2',227,37),(263,'1',227,38),(264,'0',227,39),(265,'1',227,40),(266,'1',227,41),(267,'1',227,42),(268,'2',227,43),(269,'1',227,44),(270,'1',227,45),(271,'2',227,46),(272,'1',227,47),(273,'1',227,48),(274,'2',227,49),(275,'0',227,50),(276,'2',227,51),(277,'1',227,52),(278,'0',227,53),(279,'0',227,54),(280,'0',227,55),(281,'1',227,56),(282,'2',227,57),(283,'1',227,58),(284,'2',227,59),(285,'0',227,60),(286,'0',227,61),(287,'0',227,62),(288,'0',227,63),(289,'0',227,64),(290,'0',227,65),(291,'1',227,66),(292,'0',227,67),(293,'0',227,68),(294,'1',227,69),(295,'1',227,70),(296,'1',227,71),(297,'1',227,72),(298,'1',227,73),(299,'1',227,74),(300,'1',227,75),(301,'1',227,76),(303,'130',302,3),(304,'15',302,4),(305,'260',302,5),(306,'140',302,6),(307,'200',302,7),(308,'180',302,8),(309,'125',302,9),(310,'210',302,10),(311,'200',302,11),(312,'210',302,12),(313,'220',302,13),(314,'290',302,14),(315,'210',302,15),(316,'140',302,16),(317,'180',302,17),(318,'280',302,18),(319,'290',302,19),(320,'90',302,20),(321,'180',302,21),(322,'140',302,22),(323,'80',302,23),(324,'220',302,24),(325,'140',302,25),(326,'190',302,26),(327,'125',302,27),(328,'200',302,28),(329,'0',302,29),(330,'240',302,30),(331,'135',302,31),(332,'45',302,32),(333,'280',302,33),(334,'140',302,34),(335,'170',302,35),(336,'75',302,36),(337,'220',302,37),(338,'250',302,38),(339,'180',302,39),(340,'170',302,40),(341,'170',302,41),(342,'260',302,42),(343,'150',302,43),(344,'180',302,44),(345,'0',302,45),(346,'150',302,46),(347,'220',302,47),(348,'190',302,48),(349,'220',302,49),(350,'170',302,50),(351,'170',302,51),(352,'200',302,52),(353,'320',302,53),(354,'0',302,54),(355,'0',302,55),(356,'135',302,56),(357,'0',302,57),(358,'210',302,58),(359,'140',302,59),(360,'0',302,60),(361,'240',302,61),(362,'290',302,62),(363,'0',302,63),(364,'0',302,64),(365,'0',302,65),(366,'70',302,66),(367,'230',302,67),(368,'15',302,68),(369,'200',302,69),(370,'190',302,70),(371,'200',302,71),(372,'250',302,72),(373,'140',302,73),(374,'230',302,74),(375,'200',302,75),(376,'200',302,76),(378,'10',377,3),(379,'2',377,4),(380,'9',377,5),(381,'14',377,6),(382,'1',377,7),(383,'1.5',377,8),(384,'1',377,9),(385,'2',377,10),(386,'4',377,11),(387,'5',377,12),(388,'0',377,13),(389,'2',377,14),(390,'0',377,15),(391,'2',377,16),(392,'0',377,17),(393,'0',377,18),(394,'1',377,19),(395,'1',377,20),(396,'0',377,21),(397,'4',377,22),(398,'1',377,23),(399,'1',377,24),(400,'2',377,25),(401,'1',377,26),(402,'1',377,27),(403,'1',377,28),(404,'3',377,29),(405,'5',377,30),(406,'0',377,31),(407,'0',377,32),(408,'0',377,33),(409,'3',377,34),(410,'3',377,35),(411,'3',377,36),(412,'1',377,37),(413,'1.5',377,38),(414,'0',377,39),(415,'1',377,40),(416,'2',377,41),(417,'0',377,42),(418,'2',377,43),(419,'0',377,44),(420,'0',377,45),(421,'3',377,46),(422,'2',377,47),(423,'0',377,48),(424,'3',377,49),(425,'3',377,50),(426,'1.5',377,51),(427,'6',377,52),(428,'1',377,53),(429,'0',377,54),(430,'1',377,55),(431,'2',377,56),(432,'2.7',377,57),(433,'5',377,58),(434,'2.5',377,59),(435,'2',377,60),(436,'0',377,61),(437,'0',377,62),(438,'3',377,63),(439,'4',377,64),(440,'3',377,65),(441,'1',377,66),(442,'1',377,67),(443,'3',377,68),(444,'0',377,69),(445,'4',377,70),(446,'3',377,71),(447,'0',377,72),(448,'0',377,73),(449,'3',377,74),(450,'3',377,75),(451,'1',377,76),(453,'5',452,3),(454,'8',452,4),(455,'7',452,5),(456,'8',452,6),(457,'14',452,7),(458,'10.5',452,8),(459,'11',452,9),(460,'18',452,10),(461,'15',452,11),(462,'13',452,12),(463,'12',452,13),(464,'17',452,14),(465,'13',452,15),(466,'13',452,16),(467,'12',452,17),(468,'22',452,18),(469,'21',452,19),(470,'13',452,20),(471,'12',452,21),(472,'10',452,22),(473,'21',452,23),(474,'21',452,24),(475,'11',452,25),(476,'18',452,26),(477,'11',452,27),(478,'14',452,28),(479,'14',452,29),(480,'14',452,30),(481,'13',452,31),(482,'11',452,32),(483,'15',452,33),(484,'15',452,34),(485,'17',452,35),(486,'13',452,36),(487,'12',452,37),(488,'11.5',452,38),(489,'14',452,39),(490,'17',452,40),(491,'20',452,41),(492,'21',452,42),(493,'12',452,43),(494,'12',452,44),(495,'16',452,45),(496,'17',452,46),(497,'15',452,47),(498,'15',452,48),(499,'21',452,49),(500,'18',452,50),(501,'13.5',452,51),(502,'11',452,52),(503,'20',452,53),(504,'13',452,54),(505,'10',452,55),(506,'14',452,56),(507,'-1',452,57),(508,'14',452,58),(509,'10.5',452,59),(510,'15',452,60),(511,'23',452,61),(512,'22',452,62),(513,'16',452,63),(514,'19',452,64),(515,'20',452,65),(516,'9',452,66),(517,'16',452,67),(518,'15',452,68),(519,'21',452,69),(520,'15',452,70),(521,'16',452,71),(522,'21',452,72),(523,'13',452,73),(524,'17',452,74),(525,'17',452,75),(526,'16',452,76),(640,'Sedan',639,529),(641,'Sedan',639,530),(642,'SUV',639,531),(643,'Sports Car',639,532),(644,'Sedan',639,533),(645,'Sedan',639,534),(646,'Sedan',639,535),(647,'Sedan',639,536),(648,'Sedan',639,537),(649,'Sedan',639,538),(650,'Sedan',639,539),(651,'Sedan',639,540),(652,'Sedan',639,541),(653,'Sedan',639,542),(654,'Sedan',639,543),(655,'Sedan',639,544),(656,'Wagon',639,545),(657,'Sedan',639,546),(658,'Sedan',639,547),(659,'Sedan',639,548),(660,'Sports Car',639,549),(661,'Wagon',639,550),(662,'Sedan',639,551),(663,'Sports Car',639,552),(664,'Sports Car',639,553),(665,'Sports Car',639,554),(666,'Sedan',639,555),(667,'Sedan',639,556),(668,'Sedan',639,557),(669,'Sedan',639,558),(670,'Wagon',639,559),(671,'Sedan',639,560),(672,'Sedan',639,561),(673,'Sedan',639,562),(674,'Sedan',639,563),(675,'Sedan',639,564),(676,'Sedan',639,565),(677,'Sedan',639,566),(678,'Sedan',639,567),(679,'Sedan',639,568),(680,'Sports Car',639,569),(681,'Sports Car',639,570),(682,'SUV',639,571),(683,'SUV',639,572),(684,'Sports Car',639,573),(685,'Sports Car',639,574),(686,'Sedan',639,575),(687,'Sedan',639,576),(688,'Sedan',639,577),(689,'Sedan',639,578),(690,'Sedan',639,579),(691,'SUV',639,580),(692,'Sedan',639,581),(693,'Sedan',639,582),(694,'SUV',639,583),(695,'Sedan',639,584),(696,'Sedan',639,585),(697,'Sedan',639,586),(698,'SUV',639,587),(699,'Sedan',639,588),(700,'SUV',639,589),(701,'Sports Car',639,590),(702,'Minivan',639,591),(703,'Sedan',639,592),(704,'Sedan',639,593),(705,'Sedan',639,594),(706,'Sedan',639,595),(707,'Sedan',639,596),(708,'Sports Car',639,597),(709,'Sports Car',639,598),(710,'Sedan',639,599),(711,'Sedan',639,600),(712,'Sedan',639,601),(713,'Sedan',639,602),(714,'Sedan',639,603),(715,'Sedan',639,604),(716,'Wagon',639,605),(717,'Sedan',639,606),(718,'Sedan',639,607),(719,'SUV',639,608),(720,'SUV',639,609),(721,'SUV',639,610),(722,'SUV',639,611),(723,'Minivan',639,612),(724,'Sedan',639,613),(725,'Sedan',639,614),(726,'Sedan',639,615),(727,'Sedan',639,616),(728,'Sedan',639,617),(729,'Sports Car',639,618),(730,'Wagon',639,619),(731,'Sedan',639,620),(732,'Sedan',639,621),(733,'Sedan',639,622),(734,'Sedan',639,623),(735,'Sedan',639,624),(736,'Sedan',639,625),(737,'Minivan',639,626),(738,'Minivan',639,627),(739,'SUV',639,628),(740,'Minivan',639,629),(741,'SUV',639,630),(742,'Minivan',639,631),(743,'Sedan',639,632),(744,'Sedan',639,633),(745,'Sedan',639,634),(746,'Sedan',639,635),(747,'Sedan',639,636),(748,'Sedan',639,637),(749,'Sedan',639,638),(751,'0',750,529),(752,'0',750,530),(753,'1',750,531),(754,'0',750,532),(755,'0',750,533),(756,'0',750,534),(757,'0',750,535),(758,'0',750,536),(759,'0',750,537),(760,'0',750,538),(761,'1',750,539),(762,'1',750,540),(763,'1',750,541),(764,'0',750,542),(765,'1',750,543),(766,'0',750,544),(767,'1',750,545),(768,'1',750,546),(769,'1',750,547),(770,'1',750,548),(771,'0',750,549),(772,'1',750,550),(773,'1',750,551),(774,'0',750,552),(775,'1',750,553),(776,'1',750,554),(777,'0',750,555),(778,'0',750,556),(779,'0',750,557),(780,'1',750,558),(781,'1',750,559),(782,'0',750,560),(783,'0',750,561),(784,'0',750,562),(785,'1',750,563),(786,'0',750,564),(787,'0',750,565),(788,'0',750,566),(789,'0',750,567),(790,'0',750,568),(791,'0',750,569),(792,'0',750,570),(793,'1',750,571),(794,'1',750,572),(795,'0',750,573),(796,'0',750,574),(797,'0',750,575),(798,'0',750,576),(799,'0',750,577),(800,'0',750,578),(801,'0',750,579),(802,'1',750,580),(803,'0',750,581),(804,'0',750,582),(805,'0',750,583),(806,'0',750,584),(807,'0',750,585),(808,'0',750,586),(809,'0',750,587),(810,'0',750,588),(811,'0',750,589),(812,'0',750,590),(813,'1',750,591),(814,'0',750,592),(815,'0',750,593),(816,'0',750,594),(817,'0',750,595),(818,'0',750,596),(819,'0',750,597),(820,'0',750,598),(821,'0',750,599),(822,'0',750,600),(823,'0',750,601),(824,'0',750,602),(825,'0',750,603),(826,'0',750,604),(827,'0',750,605),(828,'0',750,606),(829,'0',750,607),(830,'0',750,608),(831,'1',750,609),(832,'0',750,610),(833,'0',750,611),(834,'0',750,612),(835,'0',750,613),(836,'0',750,614),(837,'0',750,615),(838,'0',750,616),(839,'0',750,617),(840,'0',750,618),(841,'0',750,619),(842,'0',750,620),(843,'0',750,621),(844,'0',750,622),(845,'0',750,623),(846,'0',750,624),(847,'0',750,625),(848,'0',750,626),(849,'0',750,627),(850,'0',750,628),(851,'0',750,629),(852,'1',750,630),(853,'1',750,631),(854,'0',750,632),(855,'0',750,633),(856,'0',750,634),(857,'0',750,635),(858,'0',750,636),(859,'0',750,637),(860,'0',750,638),(862,'0',861,529),(863,'0',861,530),(864,'0',861,531),(865,'1',861,532),(866,'0',861,533),(867,'0',861,534),(868,'0',861,535),(869,'0',861,536),(870,'0',861,537),(871,'0',861,538),(872,'0',861,539),(873,'0',861,540),(874,'0',861,541),(875,'0',861,542),(876,'0',861,543),(877,'0',861,544),(878,'0',861,545),(879,'0',861,546),(880,'0',861,547),(881,'0',861,548),(882,'0',861,549),(883,'0',861,550),(884,'0',861,551),(885,'0',861,552),(886,'0',861,553),(887,'0',861,554),(888,'1',861,555),(889,'1',861,556),(890,'1',861,557),(891,'0',861,558),(892,'0',861,559),(893,'1',861,560),(894,'1',861,561),(895,'1',861,562),(896,'0',861,563),(897,'1',861,564),(898,'1',861,565),(899,'1',861,566),(900,'1',861,567),(901,'1',861,568),(902,'1',861,569),(903,'1',861,570),(904,'0',861,571),(905,'0',861,572),(906,'1',861,573),(907,'1',861,574),(908,'0',861,575),(909,'0',861,576),(910,'0',861,577),(911,'0',861,578),(912,'0',861,579),(913,'0',861,580),(914,'0',861,581),(915,'0',861,582),(916,'0',861,583),(917,'1',861,584),(918,'0',861,585),(919,'0',861,586),(920,'0',861,587),(921,'0',861,588),(922,'0',861,589),(923,'1',861,590),(924,'0',861,591),(925,'0',861,592),(926,'0',861,593),(927,'0',861,594),(928,'0',861,595),(929,'0',861,596),(930,'1',861,597),(931,'1',861,598),(932,'0',861,599),(933,'0',861,600),(934,'0',861,601),(935,'0',861,602),(936,'0',861,603),(937,'0',861,604),(938,'0',861,605),(939,'0',861,606),(940,'0',861,607),(941,'0',861,608),(942,'0',861,609),(943,'0',861,610),(944,'0',861,611),(945,'0',861,612),(946,'0',861,613),(947,'0',861,614),(948,'0',861,615),(949,'0',861,616),(950,'0',861,617),(951,'1',861,618),(952,'1',861,619),(953,'0',861,620),(954,'0',861,621),(955,'0',861,622),(956,'0',861,623),(957,'0',861,624),(958,'0',861,625),(959,'0',861,626),(960,'0',861,627),(961,'0',861,628),(962,'0',861,629),(963,'0',861,630),(964,'0',861,631),(965,'0',861,632),(966,'0',861,633),(967,'0',861,634),(968,'0',861,635),(969,'0',861,636),(970,'0',861,637),(971,'1',861,638),(973,'43755',972,529),(974,'46100',972,530),(975,'36945',972,531),(976,'89765',972,532),(977,'23820',972,533),(978,'33195',972,534),(979,'26990',972,535),(980,'25940',972,536),(981,'31840',972,537),(982,'42490',972,538),(983,'34480',972,539),(984,'33430',972,540),(985,'44240',972,541),(986,'35940',972,542),(987,'42840',972,543),(988,'36640',972,544),(989,'40840',972,545),(990,'39640',972,546),(991,'49690',972,547),(992,'69190',972,548),(993,'84600',972,549),(994,'49090',972,550),(995,'48040',972,551),(996,'35940',972,552),(997,'37390',972,553),(998,'40590',972,554),(999,'30795',972,555),(1000,'37995',972,556),(1001,'28495',972,557),(1002,'30245',972,558),(1003,'32845',972,559),(1004,'36995',972,560),(1005,'44295',972,561),(1006,'35495',972,562),(1007,'37245',972,563),(1008,'39995',972,564),(1009,'44995',972,565),(1010,'54995',972,566),(1011,'69195',972,567),(1012,'73195',972,568),(1013,'56595',972,569),(1014,'48195',972,570),(1015,'37000',972,571),(1016,'52195',972,572),(1017,'33895',972,573),(1018,'41045',972,574),(1019,'22180',972,575),(1020,'26470',972,576),(1021,'32245',972,577),(1022,'35545',972,578),(1023,'40720',972,579),(1024,'37895',972,580),(1025,'28345',972,581),(1026,'24895',972,582),(1027,'26545',972,583),(1028,'30835',972,584),(1029,'45445',972,585),(1030,'50595',972,586),(1031,'52795',972,587),(1032,'47955',972,588),(1033,'46995',972,589),(1034,'76200',972,590),(1035,'26395',972,591),(1036,'11690',972,592),(1037,'12585',972,593),(1038,'14610',972,594),(1039,'14810',972,595),(1040,'16385',972,596),(1041,'44535',972,597),(1042,'51535',972,598),(1043,'21900',972,599),(1044,'25000',972,600),(1045,'27995',972,601),(1046,'18995',972,602),(1047,'20370',972,603),(1048,'23495',972,604),(1049,'22225',972,605),(1050,'21825',972,606),(1051,'24225',972,607),(1052,'42735',972,608),(1053,'41465',972,609),(1054,'20255',972,610),(1055,'30295',972,611),(1056,'27020',972,612),(1057,'25955',972,613),(1058,'29865',972,614),(1059,'33295',972,615),(1060,'24130',972,616),(1061,'26860',972,617),(1062,'34495',972,618),(1063,'31230',972,619),(1064,'17985',972,620),(1065,'22000',972,621),(1066,'19090',972,622),(1067,'25215',972,623),(1068,'30950',972,624),(1069,'21840',972,625),(1070,'38380',972,626),(1071,'27490',972,627),(1072,'35725',972,628),(1073,'21795',972,629),(1074,'32235',972,630),(1075,'32660',972,631),(1076,'24885',972,632),(1077,'22035',972,633),(1078,'13670',972,634),(1079,'15040',972,635),(1080,'20220',972,636),(1081,'18820',972,637),(1082,'24345',972,638),(1084,'39014',1083,529),(1085,'41100',1083,530),(1086,'33337',1083,531),(1087,'79978',1083,532),(1088,'21761',1083,533),(1089,'30299',1083,534),(1090,'24647',1083,535),(1091,'23508',1083,536),(1092,'28846',1083,537),(1093,'38325',1083,538),(1094,'31388',1083,539),(1095,'30366',1083,540),(1096,'40075',1083,541),(1097,'32506',1083,542),(1098,'38840',1083,543),(1099,'33129',1083,544),(1100,'37060',1083,545),(1101,'35992',1083,546),(1102,'44936',1083,547),(1103,'64740',1083,548),(1104,'76417',1083,549),(1105,'44446',1083,550),(1106,'43556',1083,551),(1107,'32512',1083,552),(1108,'33891',1083,553),(1109,'36739',1083,554),(1110,'28245',1083,555),(1111,'34800',1083,556),(1112,'26155',1083,557),(1113,'27745',1083,558),(1114,'30110',1083,559),(1115,'33890',1083,560),(1116,'40530',1083,561),(1117,'32525',1083,562),(1118,'34115',1083,563),(1119,'36620',1083,564),(1120,'41170',1083,565),(1121,'50270',1083,566),(1122,'63190',1083,567),(1123,'66830',1083,568),(1124,'51815',1083,569),(1125,'44170',1083,570),(1126,'33873',1083,571),(1127,'47720',1083,572),(1128,'31065',1083,573),(1129,'37575',1083,574),(1130,'20351',1083,575),(1131,'24282',1083,576),(1132,'29566',1083,577),(1133,'32244',1083,578),(1134,'36927',1083,579),(1135,'34357',1083,580),(1136,'26047',1083,581),(1137,'22835',1083,582),(1138,'24085',1083,583),(1139,'28575',1083,584),(1140,'41650',1083,585),(1141,'46362',1083,586),(1142,'48377',1083,587),(1143,'43841',1083,588),(1144,'43523',1083,589),(1145,'70546',1083,590),(1146,'23954',1083,591),(1147,'10965',1083,592),(1148,'11802',1083,593),(1149,'13697',1083,594),(1150,'13884',1083,595),(1151,'15357',1083,596),(1152,'39068',1083,597),(1153,'45193',1083,598),(1154,'20095',1083,599),(1155,'22931',1083,600),(1156,'25672',1083,601),(1157,'17434',1083,602),(1158,'18639',1083,603),(1159,'21551',1083,604),(1160,'20394',1083,605),(1161,'20026',1083,606),(1162,'22222',1083,607),(1163,'37422',1083,608),(1164,'36287',1083,609),(1165,'19108',1083,610),(1166,'27479',1083,611),(1167,'24518',1083,612),(1168,'24172',1083,613),(1169,'27797',1083,614),(1170,'30884',1083,615),(1171,'22452',1083,616),(1172,'24909',1083,617),(1173,'32033',1083,618),(1174,'28725',1083,619),(1175,'16919',1083,620),(1176,'20573',1083,621),(1177,'17805',1083,622),(1178,'23451',1083,623),(1179,'28613',1083,624),(1180,'20284',1083,625),(1181,'35063',1083,626),(1182,'25371',1083,627),(1183,'31361',1083,628),(1184,'20508',1083,629),(1185,'29472',1083,630),(1186,'29812',1083,631),(1187,'23058',1083,632),(1188,'20502',1083,633),(1189,'12849',1083,634),(1190,'14086',1083,635),(1191,'18821',1083,636),(1192,'17512',1083,637),(1193,'22856',1083,638),(1195,'3.5',1194,529),(1196,'3.5',1194,530),(1197,'3.5',1194,531),(1198,'3.2',1194,532),(1199,'2',1194,533),(1200,'3.2',1194,534),(1201,'2.4',1194,535),(1202,'1.8',1194,536),(1203,'3',1194,537),(1204,'3',1194,538),(1205,'0',1194,539),(1206,'3',1194,540),(1207,'3',1194,541),(1208,'1.8',1194,542),(1209,'2.7',1194,543),(1210,'3',1194,544),(1211,'3',1194,545),(1212,'3',1194,546),(1213,'4.2',1194,547),(1214,'4.2',1194,548),(1215,'4.2',1194,549),(1216,'4.2',1194,550),(1217,'4.2',1194,551),(1218,'1.8',1194,552),(1219,'1.8',1194,553),(1220,'3.2',1194,554),(1221,'2.5',1194,555),(1222,'2.5',1194,556),(1223,'2.5',1194,557),(1224,'2.5',1194,558),(1225,'2.5',1194,559),(1226,'3',1194,560),(1227,'3',1194,561),(1228,'3',1194,562),(1229,'3',1194,563),(1230,'2.5',1194,564),(1231,'3',1194,565),(1232,'4.4',1194,566),(1233,'4.4',1194,567),(1234,'4.4',1194,568),(1235,'3.2',1194,569),(1236,'3.2',1194,570),(1237,'3',1194,571),(1238,'4.4',1194,572),(1239,'2.5',1194,573),(1240,'3',1194,574),(1241,'3.1',1194,575),(1242,'3.8',1194,576),(1243,'3.8',1194,577),(1244,'3.8',1194,578),(1245,'3.8',1194,579),(1246,'4.2',1194,580),(1247,'3.8',1194,581),(1248,'3.8',1194,582),(1249,'3.4',1194,583),(1250,'3.6',1194,584),(1251,'4.6',1194,585),(1252,'4.6',1194,586),(1253,'5.3',1194,587),(1254,'4.6',1194,588),(1255,'4.6',1194,589),(1256,'4.6',1194,590),(1257,'4.3',1194,591),(1258,'1.6',1194,592),(1259,'1.6',1194,593),(1260,'2.2',1194,594),(1261,'2.2',1194,595),(1262,'2.2',1194,596),(1263,'5.7',1194,597),(1264,'5.7',1194,598),(1265,'3.4',1194,599),(1266,'3.8',1194,600),(1267,'3.8',1194,601),(1268,'2.2',1194,602),(1269,'3.5',1194,603),(1270,'3.5',1194,604),(1271,'3.5',1194,605),(1272,'3.4',1194,606),(1273,'3.8',1194,607),(1274,'5.3',1194,608),(1275,'5.3',1194,609),(1276,'2.5',1194,610),(1277,'4.2',1194,611),(1278,'3.4',1194,612),(1279,'2.4',1194,613),(1280,'3.5',1194,614),(1281,'3.5',1194,615),(1282,'2.7',1194,616),(1283,'3.5',1194,617),(1284,'3.2',1194,618),(1285,'3.5',1194,619),(1286,'2.4',1194,620),(1287,'2.4',1194,621),(1288,'2.4',1194,622),(1289,'2.4',1194,623),(1290,'2.7',1194,624),(1291,'2.7',1194,625),(1292,'3.8',1194,626),(1293,'3.3',1194,627),(1294,'4.8',1194,628),(1295,'2.4',1194,629),(1296,'4.7',1194,630),(1297,'3.8',1194,631),(1298,'3.5',1194,632),(1299,'2.7',1194,633),(1300,'2',1194,634),(1301,'2',1194,635),(1302,'2.4',1194,636),(1303,'2.4',1194,637),(1304,'4.6',1194,638),(1320,'MacBook Pro',1319,1307),(1321,'Macbook Air',1319,1307),(1322,'250 G6',1319,1308),(1323,'MacBook Pro',1319,1307),(1324,'MacBook Pro',1319,1307),(1325,'Aspire 3',1319,1309),(1326,'MacBook Pro',1319,1307),(1327,'Macbook Air',1319,1307),(1328,'ZenBook UX430UN',1319,1310),(1329,'Swift 3',1319,1309),(1330,'250 G6',1319,1308),(1331,'250 G6',1319,1308),(1332,'MacBook Pro',1319,1307),(1333,'Inspiron 3567',1319,1311),(1334,'\"MacBook 12\"\"\"',1319,1307),(1335,'MacBook Pro',1319,1307),(1336,'Inspiron 3567',1319,1311),(1337,'MacBook Pro',1319,1307),(1338,'IdeaPad 320-15IKB',1319,1312),(1339,'XPS 13',1319,1311),(1340,'Vivobook E200HA',1319,1310),(1341,'Legion Y520-15IKBN',1319,1312),(1342,'255 G6',1319,1308),(1343,'Inspiron 5379',1319,1311),(1344,'15-BS101nv (i7-8550U/8GB/256GB/FHD/W10)',1319,1308),(1345,'Inspiron 3567',1319,1311),(1346,'MacBook Air',1319,1307),(1347,'Inspiron 5570',1319,1311),(1348,'Latitude 5590',1319,1311),(1349,'ProBook 470',1319,1308),(1350,'\"LapBook 15.6\"\"\"',1319,1313),(1351,'E402WA-GA010T (E2-6110/2GB/32GB/W10)',1319,1310),(1352,'17-ak001nv (A6-9220/4GB/500GB/Radeon',1319,1308),(1353,'XPS 13',1319,1311),(1354,'MacBook Air',1319,1307),(1355,'IdeaPad 120S-14IAP',1319,1312),(1356,'Aspire 3',1319,1309),(1357,'Inspiron 5770',1319,1311),(1358,'250 G6',1319,1308),(1359,'ProBook 450',1319,1308),(1360,'X540UA-DM186 (i3-6006U/4GB/1TB/FHD/Linux)',1319,1310),(1361,'Inspiron 7577',1319,1311),(1362,'X542UQ-GO005 (i5-7200U/8GB/1TB/GeForce',1319,1310),(1363,'Aspire A515-51G',1319,1309),(1364,'Inspiron 7773',1319,1311),(1365,'MacBook Pro',1319,1307),(1366,'IdeaPad 320-15ISK',1319,1312),(1367,'Rog Strix',1319,1310),(1368,'Inspiron 3567',1319,1311),(1369,'X751NV-TY001T (N4200/4GB/1TB/GeForce',1319,1310),(1370,'Yoga Book',1319,1312),(1371,'Aspire A515-51G',1319,1309),(1372,'255 G6',1319,1308),(1373,'ProBook 430',1319,1308),(1374,'Aspire 3',1319,1309),(1375,'Inspiron 3576',1319,1311),(1376,'15-bs002nv (i3-6006U/4GB/128GB/FHD/W10)',1319,1308),(1377,'VivoBook Max',1319,1310),(1378,'GS73VR 7RG',1319,1314),(1379,'X541UA-DM1897 (i3-6006U/4GB/256GB/FHD/Linux)',1319,1310),(1380,'Inspiron 5770',1319,1311),(1381,'Vostro 5471',1319,1311),(1382,'IdeaPad 520S-14IKB',1319,1312),(1383,'UX410UA-GV350T (i5-8250U/8GB/256GB/FHD/W10)',1319,1310),(1384,'250 G6',1319,1308),(1385,'ZenBook Pro',1319,1310),(1386,'250 G6',1319,1308),(1387,'Stream 14-AX040wm',1319,1308),(1388,'V310-15ISK (i5-7200U/4GB/1TB/FHD/W10)',1319,1312),(1389,'FX753VE-GC093 (i7-7700HQ/12GB/1TB/GeForce',1319,1310),(1390,'Surface Laptop',1319,1315),(1391,'Inspiron 5370',1319,1311),(1392,'Inspiron 5570',1319,1311),(1393,'GL72M 7RDX',1319,1314),(1394,'Aspire E5-475',1319,1309),(1395,'FX503VD-E4022T (i7-7700HQ/8GB/1TB/GeForce',1319,1310),(1396,'IdeaPad 320-15IKBN',1319,1312),(1397,'Inspiron 5570',1319,1311),(1398,'Aspire A515-51G-32MX',1319,1309),(1399,'ProBook 470',1319,1308),(1400,'Latitude 5590',1319,1311),(1401,'\"MacBook 12\"\"\"',1319,1307),(1402,'ProBook 440',1319,1308),(1403,'IdeaPad 320-15AST',1319,1312),(1404,'Aspire 3',1319,1309),(1405,'Inspiron 7577',1319,1311),(1406,'Pavilion 15-CK000nv',1319,1308),(1407,'250 G6',1319,1308),(1408,'FX503VM-E4007T (i7-7700HQ/16GB/1TB',1319,1310),(1409,'XPS 13',1319,1311),(1410,'FX550IK-DM018T (FX-9830P/8GB/1TB/Radeon',1319,1310),(1411,'Aspire 5',1319,1309),(1412,'Probook 430',1319,1308),(1413,'Inspiron 7577',1319,1311),(1414,'Zenbook UX430UA',1319,1310),(1415,'Spin 5',1319,1309),(1416,'Inspiron 3567',1319,1311),(1417,'Inspiron 3567',1319,1311),(1418,'X541UV-DM1439T (i3-7100U/6GB/256GB/GeForce',1319,1310),(1419,'Omen 15-ce007nv',1319,1308),(1420,'15-bs017nv (i7-7500U/8GB/256GB/Radeon',1319,1308),(1421,'15-bw000nv (E2-9000e/4GB/500GB/Radeon',1319,1308),(1422,'Inspiron 3576',1319,1311),(1423,'Envy 13-ad009n',1319,1308),(1424,'Surface Laptop',1319,1315),(1425,'Pavilion 14-BK001nv',1319,1308),(1426,'Ideapad 310-15ISK',1319,1312),(1427,'UX430UQ-GV209R (i7-7500U/8GB/256GB/GeForce',1319,1310),(1428,'GP62M 7REX',1319,1314),(1429,'Thinkpad T470',1319,1312),(1430,'VivoBook S15',1319,1310),(1431,'XPS 13',1319,1311),(1432,'ThinkPad Yoga',1319,1312),(1433,'Probook 440',1319,1308),(1434,'XPS 13',1319,1311),(1435,'Spectre x360',1319,1308),(1436,'Probook 440',1319,1308),(1437,'Inspiron 7570',1319,1311),(1438,'X705UV-BX074T (i3-6006U/4GB/1TB/GeForce',1319,1310),(1439,'VivoBook S15',1319,1310),(1440,'Spin 3',1319,1309),(1441,'GS63VR 7RG',1319,1314),(1442,'IdeaPad 320-15IKBN',1319,1312),(1443,'Probook 470',1319,1308),(1444,'Aspire 3',1319,1309),(1445,'250 G6',1319,1308),(1446,'Probook 440',1319,1308),(1447,'E402WA-GA007T (E2-6110/4GB/64GB/W10',1319,1310),(1448,'Inspiron 5770',1319,1311),(1449,'ProBook 470',1319,1308),(1450,'Inspiron 5567',1319,1311),(1451,'Inspiron 3567',1319,1311),(1452,'Swift 3',1319,1309),(1453,'Aspire A515-51G-37JS',1319,1309),(1454,'15-BS078nr (i7-7500U/8GB/1TB/W10)',1319,1308),(1455,'Probook 440',1319,1308),(1456,'V110-15IAP (N3350/4GB/1TB/No',1319,1312),(1457,'FX753VD-GC086T (i5-7300HQ/8GB/1TB',1319,1310),(1458,'IdeaPad 320-15IKBN',1319,1312),(1459,'Envy 13-AD007nv',1319,1308),(1460,'Aspire 5',1319,1309),(1461,'ThinkPad E480',1319,1312),(1462,'Legion Y520-15IKBN',1319,1312),(1463,'Satellite Pro',1319,1316),(1464,'255 G6',1319,1308),(1465,'ZenBook UX430UA',1319,1310),(1466,'EliteBook Folio',1319,1308),(1467,'X541NA (N3350/4GB/1TB/FHD/W10)',1319,1310),(1468,'GE72MVR 7RG',1319,1314),(1469,'Aspire A315-51',1319,1309),(1470,'Inspiron 5577',1319,1311),(1471,'Inspiron 7567',1319,1311),(1472,'V110-15IKB (i5-7200U/4GB/128GB/W10)',1319,1312),(1473,'GE73VR 7RE',1319,1314),(1474,'EliteBook 840',1319,1308),(1475,'15-BS103nv (i5-8250U/6GB/256GB/Radeon',1319,1308),(1476,'Yoga 520-14IKB',1319,1312),(1477,'ZenBook Flip',1319,1310),(1478,'Inspiron 5579',1319,1311),(1479,'Satellite Pro',1319,1316),(1480,'X555BP-XX180T (A9-9420/4GB/1TB/Radeon',1319,1310),(1481,'Aspire A517-51G',1319,1309),(1482,'Inspiron 3576',1319,1311),(1483,'Legion Y520-15IKBN',1319,1312),(1484,'Aspire A315-31',1319,1309),(1485,'GE63VR 7RE',1319,1314),(1486,'Aspire 3',1319,1309),(1487,'Inspiron 5577',1319,1311),(1488,'Aspire A517-51G',1319,1309),(1489,'ProBook 430',1319,1308),(1490,'MateBook X',1319,1317),(1491,'17-bs001nv (i5-7200U/6GB/2TB/Radeon',1319,1308),(1492,'IdeaPad 320-15AST',1319,1312),(1493,'Satellite Pro',1319,1316),(1494,'ProBook 470',1319,1308),(1495,'Inspiron 3567',1319,1311),(1496,'Aspire A315-51',1319,1309),(1497,'GT80S 6QF-074US',1319,1314),(1498,'V310-15IKB (i5-7200U/8GB/1TB',1319,1312),(1499,'Spectre x360',1319,1308),(1500,'Inspiron 5570',1319,1311),(1501,'XPS 13',1319,1311),(1502,'Yoga 920-13IKB',1319,1312),(1503,'Satellite Pro',1319,1316),(1504,'Mi Notebook',1319,1318),(1505,'Inspiron 7773',1319,1311),(1506,'XPS 15',1319,1311),(1507,'Legion Y520-15IKBN',1319,1312),(1508,'Swift 7',1319,1309),(1509,'Inspiron 5770',1319,1311),(1511,'Ultrabook',1510,1307),(1512,'Ultrabook',1510,1307),(1513,'Notebook',1510,1308),(1514,'Ultrabook',1510,1307),(1515,'Ultrabook',1510,1307),(1516,'Notebook',1510,1309),(1517,'Ultrabook',1510,1307),(1518,'Ultrabook',1510,1307),(1519,'Ultrabook',1510,1310),(1520,'Ultrabook',1510,1309),(1521,'Notebook',1510,1308),(1522,'Notebook',1510,1308),(1523,'Ultrabook',1510,1307),(1524,'Notebook',1510,1311),(1525,'Ultrabook',1510,1307),(1526,'Ultrabook',1510,1307),(1527,'Notebook',1510,1311),(1528,'Ultrabook',1510,1307),(1529,'Notebook',1510,1312),(1530,'Ultrabook',1510,1311),(1531,'Netbook',1510,1310),(1532,'Gaming',1510,1312),(1533,'Notebook',1510,1308),(1534,'2 in 1 Convertible',1510,1311),(1535,'Ultrabook',1510,1308),(1536,'Notebook',1510,1311),(1537,'Ultrabook',1510,1307),(1538,'Notebook',1510,1311),(1539,'Ultrabook',1510,1311),(1540,'Notebook',1510,1308),(1541,'Notebook',1510,1313),(1542,'Notebook',1510,1310),(1543,'Notebook',1510,1308),(1544,'Ultrabook',1510,1311),(1545,'Ultrabook',1510,1307),(1546,'Notebook',1510,1312),(1547,'Notebook',1510,1309),(1548,'Notebook',1510,1311),(1549,'Notebook',1510,1308),(1550,'Notebook',1510,1308),(1551,'Notebook',1510,1310),(1552,'Gaming',1510,1311),(1553,'Notebook',1510,1310),(1554,'Notebook',1510,1309),(1555,'2 in 1 Convertible',1510,1311),(1556,'Ultrabook',1510,1307),(1557,'Notebook',1510,1312),(1558,'Gaming',1510,1310),(1559,'Notebook',1510,1311),(1560,'Notebook',1510,1310),(1561,'2 in 1 Convertible',1510,1312),(1562,'Notebook',1510,1309),(1563,'Notebook',1510,1308),(1564,'Notebook',1510,1308),(1565,'Notebook',1510,1309),(1566,'Notebook',1510,1311),(1567,'Notebook',1510,1308),(1568,'Notebook',1510,1310),(1569,'Gaming',1510,1314),(1570,'Notebook',1510,1310),(1571,'Notebook',1510,1311),(1572,'Ultrabook',1510,1311),(1573,'Notebook',1510,1312),(1574,'Notebook',1510,1310),(1575,'Notebook',1510,1308),(1576,'Ultrabook',1510,1310),(1577,'Notebook',1510,1308),(1578,'Notebook',1510,1308),(1579,'Notebook',1510,1312),(1580,'Gaming',1510,1310),(1581,'Ultrabook',1510,1315),(1582,'Ultrabook',1510,1311),(1583,'Notebook',1510,1311),(1584,'Gaming',1510,1314),(1585,'Notebook',1510,1309),(1586,'Gaming',1510,1310),(1587,'Notebook',1510,1312),(1588,'Notebook',1510,1311),(1589,'Notebook',1510,1309),(1590,'Notebook',1510,1308),(1591,'Ultrabook',1510,1311),(1592,'Ultrabook',1510,1307),(1593,'Notebook',1510,1308),(1594,'Notebook',1510,1312),(1595,'Notebook',1510,1309),(1596,'Gaming',1510,1311),(1597,'Ultrabook',1510,1308),(1598,'Notebook',1510,1308),(1599,'Gaming',1510,1310),(1600,'Ultrabook',1510,1311),(1601,'Gaming',1510,1310),(1602,'Notebook',1510,1309),(1603,'Notebook',1510,1308),(1604,'Gaming',1510,1311),(1605,'Ultrabook',1510,1310),(1606,'2 in 1 Convertible',1510,1309),(1607,'Notebook',1510,1311),(1608,'Notebook',1510,1311),(1609,'Notebook',1510,1310),(1610,'Gaming',1510,1308),(1611,'Notebook',1510,1308),(1612,'Notebook',1510,1308),(1613,'Notebook',1510,1311),(1614,'Ultrabook',1510,1308),(1615,'Ultrabook',1510,1315),(1616,'Notebook',1510,1308),(1617,'Notebook',1510,1312),(1618,'Ultrabook',1510,1310),(1619,'Gaming',1510,1314),(1620,'Notebook',1510,1312),(1621,'Ultrabook',1510,1310),(1622,'Ultrabook',1510,1311),(1623,'2 in 1 Convertible',1510,1312),(1624,'Notebook',1510,1308),(1625,'Ultrabook',1510,1311),(1626,'2 in 1 Convertible',1510,1308),(1627,'Notebook',1510,1308),(1628,'Notebook',1510,1311),(1629,'Notebook',1510,1310),(1630,'Notebook',1510,1310),(1631,'Notebook',1510,1309),(1632,'Gaming',1510,1314),(1633,'Notebook',1510,1312),(1634,'Notebook',1510,1308),(1635,'Notebook',1510,1309),(1636,'Notebook',1510,1308),(1637,'Notebook',1510,1308),(1638,'Notebook',1510,1310),(1639,'Notebook',1510,1311),(1640,'Notebook',1510,1308),(1641,'Notebook',1510,1311),(1642,'Notebook',1510,1311),(1643,'Ultrabook',1510,1309),(1644,'Notebook',1510,1309),(1645,'Notebook',1510,1308),(1646,'Notebook',1510,1308),(1647,'Notebook',1510,1312),(1648,'Gaming',1510,1310),(1649,'Notebook',1510,1312),(1650,'Notebook',1510,1308),(1651,'Notebook',1510,1309),(1652,'Notebook',1510,1312),(1653,'Gaming',1510,1312),(1654,'Notebook',1510,1316),(1655,'Notebook',1510,1308),(1656,'Ultrabook',1510,1310),(1657,'Ultrabook',1510,1308),(1658,'Notebook',1510,1310),(1659,'Gaming',1510,1314),(1660,'Notebook',1510,1309),(1661,'Gaming',1510,1311),(1662,'Gaming',1510,1311),(1663,'Notebook',1510,1312),(1664,'Gaming',1510,1314),(1665,'Ultrabook',1510,1308),(1666,'Notebook',1510,1308),(1667,'2 in 1 Convertible',1510,1312),(1668,'2 in 1 Convertible',1510,1310),(1669,'2 in 1 Convertible',1510,1311),(1670,'Notebook',1510,1316),(1671,'Notebook',1510,1310),(1672,'Notebook',1510,1309),(1673,'Notebook',1510,1311),(1674,'Gaming',1510,1312),(1675,'Notebook',1510,1309),(1676,'Gaming',1510,1314),(1677,'Notebook',1510,1309),(1678,'Gaming',1510,1311),(1679,'Notebook',1510,1309),(1680,'Notebook',1510,1308),(1681,'Ultrabook',1510,1317),(1682,'Notebook',1510,1308),(1683,'Notebook',1510,1312),(1684,'Notebook',1510,1316),(1685,'Notebook',1510,1308),(1686,'Notebook',1510,1311),(1687,'Notebook',1510,1309),(1688,'Gaming',1510,1314),(1689,'Notebook',1510,1312),(1690,'2 in 1 Convertible',1510,1308),(1691,'Notebook',1510,1311),(1692,'Ultrabook',1510,1311),(1693,'2 in 1 Convertible',1510,1312),(1694,'Notebook',1510,1316),(1695,'Notebook',1510,1318),(1696,'Notebook',1510,1311),(1697,'Notebook',1510,1311),(1698,'Gaming',1510,1312),(1699,'Ultrabook',1510,1309),(1700,'Notebook',1510,1311),(1702,'\"13.3\"\"\"',1701,1307),(1703,'\"13.3\"\"\"',1701,1307),(1704,'\"15.6\"\"\"',1701,1308),(1705,'\"15.4\"\"\"',1701,1307),(1706,'\"13.3\"\"\"',1701,1307),(1707,'\"15.6\"\"\"',1701,1309),(1708,'\"15.4\"\"\"',1701,1307),(1709,'\"13.3\"\"\"',1701,1307),(1710,'\"14.0\"\"\"',1701,1310),(1711,'\"14.0\"\"\"',1701,1309),(1712,'\"15.6\"\"\"',1701,1308),(1713,'\"15.6\"\"\"',1701,1308),(1714,'\"15.4\"\"\"',1701,1307),(1715,'\"15.6\"\"\"',1701,1311),(1716,'\"12.0\"\"\"',1701,1307),(1717,'\"13.3\"\"\"',1701,1307),(1718,'\"15.6\"\"\"',1701,1311),(1719,'\"15.4\"\"\"',1701,1307),(1720,'\"15.6\"\"\"',1701,1312),(1721,'\"13.3\"\"\"',1701,1311),(1722,'\"11.6\"\"\"',1701,1310),(1723,'\"15.6\"\"\"',1701,1312),(1724,'\"15.6\"\"\"',1701,1308),(1725,'\"13.3\"\"\"',1701,1311),(1726,'\"15.6\"\"\"',1701,1308),(1727,'\"15.6\"\"\"',1701,1311),(1728,'\"13.3\"\"\"',1701,1307),(1729,'\"15.6\"\"\"',1701,1311),(1730,'\"15.6\"\"\"',1701,1311),(1731,'\"17.3\"\"\"',1701,1308),(1732,'\"15.6\"\"\"',1701,1313),(1733,'\"14.0\"\"\"',1701,1310),(1734,'\"17.3\"\"\"',1701,1308),(1735,'\"13.3\"\"\"',1701,1311),(1736,'\"13.3\"\"\"',1701,1307),(1737,'\"14.0\"\"\"',1701,1312),(1738,'\"15.6\"\"\"',1701,1309),(1739,'\"17.3\"\"\"',1701,1311),(1740,'\"15.6\"\"\"',1701,1308),(1741,'\"15.6\"\"\"',1701,1308),(1742,'\"15.6\"\"\"',1701,1310),(1743,'\"15.6\"\"\"',1701,1311),(1744,'\"15.6\"\"\"',1701,1310),(1745,'\"15.6\"\"\"',1701,1309),(1746,'\"17.3\"\"\"',1701,1311),(1747,'\"13.3\"\"\"',1701,1307),(1748,'\"15.6\"\"\"',1701,1312),(1749,'\"17.3\"\"\"',1701,1310),(1750,'\"15.6\"\"\"',1701,1311),(1751,'\"17.3\"\"\"',1701,1310),(1752,'\"10.1\"\"\"',1701,1312),(1753,'\"15.6\"\"\"',1701,1309),(1754,'\"15.6\"\"\"',1701,1308),(1755,'\"13.3\"\"\"',1701,1308),(1756,'\"15.6\"\"\"',1701,1309),(1757,'\"15.6\"\"\"',1701,1311),(1758,'\"15.6\"\"\"',1701,1308),(1759,'\"15.6\"\"\"',1701,1310),(1760,'\"17.3\"\"\"',1701,1314),(1761,'\"15.6\"\"\"',1701,1310),(1762,'\"17.3\"\"\"',1701,1311),(1763,'\"14.0\"\"\"',1701,1311),(1764,'\"14.0\"\"\"',1701,1312),(1765,'\"14.0\"\"\"',1701,1310),(1766,'\"15.6\"\"\"',1701,1308),(1767,'\"15.6\"\"\"',1701,1310),(1768,'\"15.6\"\"\"',1701,1308),(1769,'\"14.0\"\"\"',1701,1308),(1770,'\"15.6\"\"\"',1701,1312),(1771,'\"17.3\"\"\"',1701,1310),(1772,'\"13.5\"\"\"',1701,1315),(1773,'\"13.3\"\"\"',1701,1311),(1774,'\"15.6\"\"\"',1701,1311),(1775,'\"17.3\"\"\"',1701,1314),(1776,'\"14.0\"\"\"',1701,1309),(1777,'\"15.6\"\"\"',1701,1310),(1778,'\"15.6\"\"\"',1701,1312),(1779,'\"15.6\"\"\"',1701,1311),(1780,'\"15.6\"\"\"',1701,1309),(1781,'\"17.3\"\"\"',1701,1308),(1782,'\"15.6\"\"\"',1701,1311),(1783,'\"12.0\"\"\"',1701,1307),(1784,'\"14.0\"\"\"',1701,1308),(1785,'\"15.6\"\"\"',1701,1312),(1786,'\"15.6\"\"\"',1701,1309),(1787,'\"15.6\"\"\"',1701,1311),(1788,'\"15.6\"\"\"',1701,1308),(1789,'\"15.6\"\"\"',1701,1308),(1790,'\"15.6\"\"\"',1701,1310),(1791,'\"13.3\"\"\"',1701,1311),(1792,'\"15.6\"\"\"',1701,1310),(1793,'\"15.6\"\"\"',1701,1309),(1794,'\"13.3\"\"\"',1701,1308),(1795,'\"15.6\"\"\"',1701,1311),(1796,'\"14.0\"\"\"',1701,1310),(1797,'\"13.3\"\"\"',1701,1309),(1798,'\"15.6\"\"\"',1701,1311),(1799,'\"15.6\"\"\"',1701,1311),(1800,'\"15.6\"\"\"',1701,1310),(1801,'\"15.6\"\"\"',1701,1308),(1802,'\"15.6\"\"\"',1701,1308),(1803,'\"15.6\"\"\"',1701,1308),(1804,'\"15.6\"\"\"',1701,1311),(1805,'\"13.3\"\"\"',1701,1308),(1806,'\"13.5\"\"\"',1701,1315),(1807,'\"14.0\"\"\"',1701,1308),(1808,'\"15.6\"\"\"',1701,1312),(1809,'\"14.0\"\"\"',1701,1310),(1810,'\"15.6\"\"\"',1701,1314),(1811,'\"14.0\"\"\"',1701,1312),(1812,'\"15.6\"\"\"',1701,1310),(1813,'\"13.3\"\"\"',1701,1311),(1814,'\"13.3\"\"\"',1701,1312),(1815,'\"14.0\"\"\"',1701,1308),(1816,'\"13.3\"\"\"',1701,1311),(1817,'\"13.3\"\"\"',1701,1308),(1818,'\"14.0\"\"\"',1701,1308),(1819,'\"15.6\"\"\"',1701,1311),(1820,'\"17.3\"\"\"',1701,1310),(1821,'\"15.6\"\"\"',1701,1310),(1822,'\"15.6\"\"\"',1701,1309),(1823,'\"15.6\"\"\"',1701,1314),(1824,'\"15.6\"\"\"',1701,1312),(1825,'\"17.3\"\"\"',1701,1308),(1826,'\"15.6\"\"\"',1701,1309),(1827,'\"15.6\"\"\"',1701,1308),(1828,'\"14.0\"\"\"',1701,1308),(1829,'\"14.0\"\"\"',1701,1310),(1830,'\"17.3\"\"\"',1701,1311),(1831,'\"17.3\"\"\"',1701,1308),(1832,'\"15.6\"\"\"',1701,1311),(1833,'\"15.6\"\"\"',1701,1311),(1834,'\"14.0\"\"\"',1701,1309),(1835,'\"15.6\"\"\"',1701,1309),(1836,'\"15.6\"\"\"',1701,1308),(1837,'\"14.0\"\"\"',1701,1308),(1838,'\"15.6\"\"\"',1701,1312),(1839,'\"17.3\"\"\"',1701,1310),(1840,'\"15.6\"\"\"',1701,1312),(1841,'\"13.3\"\"\"',1701,1308),(1842,'\"17.3\"\"\"',1701,1309),(1843,'\"14.0\"\"\"',1701,1312),(1844,'\"15.6\"\"\"',1701,1312),(1845,'\"15.6\"\"\"',1701,1316),(1846,'\"15.6\"\"\"',1701,1308),(1847,'\"14.0\"\"\"',1701,1310),(1848,'\"12.5\"\"\"',1701,1308),(1849,'\"15.6\"\"\"',1701,1310),(1850,'\"17.3\"\"\"',1701,1314),(1851,'\"15.6\"\"\"',1701,1309),(1852,'\"15.6\"\"\"',1701,1311),(1853,'\"15.6\"\"\"',1701,1311),(1854,'\"15.6\"\"\"',1701,1312),(1855,'\"17.3\"\"\"',1701,1314),(1856,'\"14.0\"\"\"',1701,1308),(1857,'\"15.6\"\"\"',1701,1308),(1858,'\"14.0\"\"\"',1701,1312),(1859,'\"13.3\"\"\"',1701,1310),(1860,'\"15.6\"\"\"',1701,1311),(1861,'\"15.6\"\"\"',1701,1316),(1862,'\"15.6\"\"\"',1701,1310),(1863,'\"17.3\"\"\"',1701,1309),(1864,'\"15.6\"\"\"',1701,1311),(1865,'\"15.6\"\"\"',1701,1312),(1866,'\"15.6\"\"\"',1701,1309),(1867,'\"15.6\"\"\"',1701,1314),(1868,'\"15.6\"\"\"',1701,1309),(1869,'\"15.6\"\"\"',1701,1311),(1870,'\"17.3\"\"\"',1701,1309),(1871,'\"13.3\"\"\"',1701,1308),(1872,'\"13.0\"\"\"',1701,1317),(1873,'\"17.3\"\"\"',1701,1308),(1874,'\"15.6\"\"\"',1701,1312),(1875,'\"15.6\"\"\"',1701,1316),(1876,'\"17.3\"\"\"',1701,1308),(1877,'\"15.6\"\"\"',1701,1311),(1878,'\"15.6\"\"\"',1701,1309),(1879,'\"18.4\"\"\"',1701,1314),(1880,'\"15.6\"\"\"',1701,1312),(1881,'\"13.3\"\"\"',1701,1308),(1882,'\"15.6\"\"\"',1701,1311),(1883,'\"13.3\"\"\"',1701,1311),(1884,'\"13.9\"\"\"',1701,1312),(1885,'\"15.6\"\"\"',1701,1316),(1886,'\"15.6\"\"\"',1701,1318),(1887,'\"17.3\"\"\"',1701,1311),(1888,'\"15.6\"\"\"',1701,1311),(1889,'\"15.6\"\"\"',1701,1312),(1890,'\"13.3\"\"\"',1701,1309),(1891,'\"17.3\"\"\"',1701,1311),(1893,'IPS Panel Retina Display 2560x1600',1892,1307),(1894,'1440x900',1892,1307),(1895,'Full HD 1920x1080',1892,1308),(1896,'IPS Panel Retina Display 2880x1800',1892,1307),(1897,'IPS Panel Retina Display 2560x1600',1892,1307),(1898,'1366x768',1892,1309),(1899,'IPS Panel Retina Display 2880x1800',1892,1307),(1900,'1440x900',1892,1307),(1901,'Full HD 1920x1080',1892,1310),(1902,'IPS Panel Full HD 1920x1080',1892,1309),(1903,'1366x768',1892,1308),(1904,'Full HD 1920x1080',1892,1308),(1905,'IPS Panel Retina Display 2880x1800',1892,1307),(1906,'Full HD 1920x1080',1892,1311),(1907,'IPS Panel Retina Display 2304x1440',1892,1307),(1908,'IPS Panel Retina Display 2560x1600',1892,1307),(1909,'Full HD 1920x1080',1892,1311),(1910,'IPS Panel Retina Display 2880x1800',1892,1307),(1911,'Full HD 1920x1080',1892,1312),(1912,'IPS Panel Full HD / Touchscreen 1920x1080',1892,1311),(1913,'1366x768',1892,1310),(1914,'IPS Panel Full HD 1920x1080',1892,1312),(1915,'1366x768',1892,1308),(1916,'Full HD / Touchscreen 1920x1080',1892,1311),(1917,'Full HD 1920x1080',1892,1308),(1918,'1366x768',1892,1311),(1919,'1440x900',1892,1307),(1920,'Full HD 1920x1080',1892,1311),(1921,'Full HD 1920x1080',1892,1311),(1922,'Full HD 1920x1080',1892,1308),(1923,'Full HD 1920x1080',1892,1313),(1924,'1366x768',1892,1310),(1925,'Full HD 1920x1080',1892,1308),(1926,'Touchscreen / Quad HD+ 3200x1800',1892,1311),(1927,'1440x900',1892,1307),(1928,'1366x768',1892,1312),(1929,'1366x768',1892,1309),(1930,'IPS Panel Full HD 1920x1080',1892,1311),(1931,'1366x768',1892,1308),(1932,'Full HD 1920x1080',1892,1308),(1933,'Full HD 1920x1080',1892,1310),(1934,'IPS Panel Full HD 1920x1080',1892,1311),(1935,'1366x768',1892,1310),(1936,'IPS Panel Full HD 1920x1080',1892,1309),(1937,'Full HD / Touchscreen 1920x1080',1892,1311),(1938,'IPS Panel Retina Display 2560x1600',1892,1307),(1939,'1366x768',1892,1312),(1940,'Full HD 1920x1080',1892,1310),(1941,'Full HD 1920x1080',1892,1311),(1942,'1366x768',1892,1310),(1943,'IPS Panel Touchscreen 1920x1200',1892,1312),(1944,'IPS Panel Full HD 1920x1080',1892,1309),(1945,'Full HD 1920x1080',1892,1308),(1946,'Full HD 1920x1080',1892,1308),(1947,'1366x768',1892,1309),(1948,'Full HD 1920x1080',1892,1311),(1949,'Full HD 1920x1080',1892,1308),(1950,'1366x768',1892,1310),(1951,'Full HD 1920x1080',1892,1314),(1952,'Full HD 1920x1080',1892,1310),(1953,'Full HD 1920x1080',1892,1311),(1954,'Full HD 1920x1080',1892,1311),(1955,'IPS Panel Full HD 1920x1080',1892,1312),(1956,'Full HD 1920x1080',1892,1310),(1957,'Full HD 1920x1080',1892,1308),(1958,'Full HD 1920x1080',1892,1310),(1959,'1366x768',1892,1308),(1960,'1366x768',1892,1308),(1961,'Full HD 1920x1080',1892,1312),(1962,'Full HD 1920x1080',1892,1310),(1963,'Touchscreen 2256x1504',1892,1315),(1964,'IPS Panel Full HD 1920x1080',1892,1311),(1965,'Full HD 1920x1080',1892,1311),(1966,'Full HD 1920x1080',1892,1314),(1967,'1366x768',1892,1309),(1968,'Full HD 1920x1080',1892,1310),(1969,'Full HD 1920x1080',1892,1312),(1970,'Full HD 1920x1080',1892,1311),(1971,'Full HD 1920x1080',1892,1309),(1972,'Full HD 1920x1080',1892,1308),(1973,'IPS Panel Full HD 1920x1080',1892,1311),(1974,'IPS Panel Retina Display 2304x1440',1892,1307),(1975,'Full HD 1920x1080',1892,1308),(1976,'Full HD 1920x1080',1892,1312),(1977,'1366x768',1892,1309),(1978,'IPS Panel Full HD 1920x1080',1892,1311),(1979,'IPS Panel Full HD 1920x1080',1892,1308),(1980,'Full HD 1920x1080',1892,1308),(1981,'IPS Panel Full HD 1920x1080',1892,1310),(1982,'IPS Panel Full HD 1920x1080',1892,1311),(1983,'Full HD 1920x1080',1892,1310),(1984,'Full HD 1920x1080',1892,1309),(1985,'Full HD 1920x1080',1892,1308),(1986,'Full HD 1920x1080',1892,1311),(1987,'Full HD 1920x1080',1892,1310),(1988,'IPS Panel Full HD / Touchscreen 1920x1080',1892,1309),(1989,'Full HD 1920x1080',1892,1311),(1990,'Full HD 1920x1080',1892,1311),(1991,'Full HD 1920x1080',1892,1310),(1992,'IPS Panel Full HD 1920x1080',1892,1308),(1993,'Full HD 1920x1080',1892,1308),(1994,'Full HD 1920x1080',1892,1308),(1995,'Full HD 1920x1080',1892,1311),(1996,'IPS Panel Full HD 1920x1080',1892,1308),(1997,'Touchscreen 2256x1504',1892,1315),(1998,'IPS Panel Full HD 1920x1080',1892,1308),(1999,'Full HD 1920x1080',1892,1312),(2000,'IPS Panel Full HD 1920x1080',1892,1310),(2001,'Full HD 1920x1080',1892,1314),(2002,'IPS Panel Full HD 1920x1080',1892,1312),(2003,'Full HD 1920x1080',1892,1310),(2004,'Quad HD+ / Touchscreen 3200x1800',1892,1311),(2005,'IPS Panel Full HD / Touchscreen 1920x1080',1892,1312),(2006,'IPS Panel 1366x768',1892,1308),(2007,'IPS Panel Full HD 1920x1080',1892,1311),(2008,'IPS Panel Full HD / Touchscreen 1920x1080',1892,1308),(2009,'Full HD 1920x1080',1892,1308),(2010,'IPS Panel Full HD 1920x1080',1892,1311),(2011,'Full HD 1920x1080',1892,1310),(2012,'Full HD 1920x1080',1892,1310),(2013,'IPS Panel Full HD / Touchscreen 1920x1080',1892,1309),(2014,'Full HD 1920x1080',1892,1314),(2015,'Full HD 1920x1080',1892,1312),(2016,'Full HD 1920x1080',1892,1308),(2017,'1366x768',1892,1309),(2018,'1366x768',1892,1308),(2019,'Full HD 1920x1080',1892,1308),(2020,'1366x768',1892,1310),(2021,'Full HD 1920x1080',1892,1311),(2022,'Full HD 1920x1080',1892,1308),(2023,'1366x768',1892,1311),(2024,'Full HD 1920x1080',1892,1311),(2025,'IPS Panel Full HD 1920x1080',1892,1309),(2026,'Full HD 1920x1080',1892,1309),(2027,'1366x768',1892,1308),(2028,'Full HD 1920x1080',1892,1308),(2029,'1366x768',1892,1312),(2030,'Full HD 1920x1080',1892,1310),(2031,'Full HD 1920x1080',1892,1312),(2032,'IPS Panel Full HD 1920x1080',1892,1308),(2033,'IPS Panel Full HD 1920x1080',1892,1309),(2034,'IPS Panel Full HD 1920x1080',1892,1312),(2035,'IPS Panel Full HD 1920x1080',1892,1312),(2036,'1366x768',1892,1316),(2037,'1366x768',1892,1308),(2038,'Full HD 1920x1080',1892,1310),(2039,'IPS Panel 4K Ultra HD / Touchscreen 3840x2160',1892,1308),(2040,'Full HD 1920x1080',1892,1310),(2041,'Full HD 1920x1080',1892,1314),(2042,'1366x768',1892,1309),(2043,'Full HD 1920x1080',1892,1311),(2044,'Full HD 1920x1080',1892,1311),(2045,'1366x768',1892,1312),(2046,'Full HD 1920x1080',1892,1314),(2047,'Full HD 1920x1080',1892,1308),(2048,'Full HD 1920x1080',1892,1308),(2049,'IPS Panel Full HD / Touchscreen 1920x1080',1892,1312),(2050,'Full HD / Touchscreen 1920x1080',1892,1310),(2051,'Full HD / Touchscreen 1920x1080',1892,1311),(2052,'1366x768',1892,1316),(2053,'1366x768',1892,1310),(2054,'IPS Panel Full HD 1920x1080',1892,1309),(2055,'Full HD 1920x1080',1892,1311),(2056,'IPS Panel Full HD 1920x1080',1892,1312),(2057,'1366x768',1892,1309),(2058,'IPS Panel Full HD 1920x1080',1892,1314),(2059,'1366x768',1892,1309),(2060,'Full HD 1920x1080',1892,1311),(2061,'IPS Panel Full HD 1920x1080',1892,1309),(2062,'IPS Panel Full HD 1920x1080',1892,1308),(2063,'IPS Panel Full HD 2160x1440',1892,1317),(2064,'IPS Panel Full HD 1920x1080',1892,1308),(2065,'1366x768',1892,1312),(2066,'1366x768',1892,1316),(2067,'Full HD 1920x1080',1892,1308),(2068,'1366x768',1892,1311),(2069,'1366x768',1892,1309),(2070,'Full HD 1920x1080',1892,1314),(2071,'Full HD 1920x1080',1892,1312),(2072,'IPS Panel 4K Ultra HD / Touchscreen 3840x2160',1892,1308),(2073,'Full HD 1920x1080',1892,1311),(2074,'Full HD 1920x1080',1892,1311),(2075,'IPS Panel 4K Ultra HD / Touchscreen 3840x2160',1892,1312),(2076,'1366x768',1892,1316),(2077,'IPS Panel Full HD 1920x1080',1892,1318),(2078,'Full HD / Touchscreen 1920x1080',1892,1311),(2079,'4K Ultra HD / Touchscreen 3840x2160',1892,1311),(2080,'IPS Panel Full HD 1920x1080',1892,1312),(2081,'IPS Panel Full HD 1920x1080',1892,1309),(2082,'Full HD 1920x1080',1892,1311),(2084,'Intel Core i5 2.3GHz',2083,1307),(2085,'Intel Core i5 1.8GHz',2083,1307),(2086,'Intel Core i5 7200U 2.5GHz',2083,1308),(2087,'Intel Core i7 2.7GHz',2083,1307),(2088,'Intel Core i5 3.1GHz',2083,1307),(2089,'AMD A9-Series 9420 3GHz',2083,1309),(2090,'Intel Core i7 2.2GHz',2083,1307),(2091,'Intel Core i5 1.8GHz',2083,1307),(2092,'Intel Core i7 8550U 1.8GHz',2083,1310),(2093,'Intel Core i5 8250U 1.6GHz',2083,1309),(2094,'Intel Core i5 7200U 2.5GHz',2083,1308),(2095,'Intel Core i3 6006U 2GHz',2083,1308),(2096,'Intel Core i7 2.8GHz',2083,1307),(2097,'Intel Core i3 6006U 2GHz',2083,1311),(2098,'Intel Core M m3 1.2GHz',2083,1307),(2099,'Intel Core i5 2.3GHz',2083,1307),(2100,'Intel Core i7 7500U 2.7GHz',2083,1311),(2101,'Intel Core i7 2.9GHz',2083,1307),(2102,'Intel Core i3 7100U 2.4GHz',2083,1312),(2103,'Intel Core i5 8250U 1.6GHz',2083,1311),(2104,'Intel Atom x5-Z8350 1.44GHz',2083,1310),(2105,'Intel Core i5 7300HQ 2.5GHz',2083,1312),(2106,'AMD E-Series E2-9000e 1.5GHz',2083,1308),(2107,'Intel Core i5 8250U 1.6GHz',2083,1311),(2108,'Intel Core i7 8550U 1.8GHz',2083,1308),(2109,'Intel Core i3 6006U 2GHz',2083,1311),(2110,'Intel Core i5 1.6GHz',2083,1307),(2111,'Intel Core i5 8250U 1.6GHz',2083,1311),(2112,'Intel Core i7 8650U 1.9GHz',2083,1311),(2113,'Intel Core i5 8250U 1.6GHz',2083,1308),(2114,'Intel Atom x5-Z8300 1.44GHz',2083,1313),(2115,'AMD E-Series E2-6110 1.5GHz',2083,1310),(2116,'AMD A6-Series 9220 2.5GHz',2083,1308),(2117,'Intel Core i7 8550U 1.8GHz',2083,1311),(2118,'Intel Core i5 1.6GHz',2083,1307),(2119,'Intel Celeron Dual Core N3350 1.1GHz',2083,1312),(2120,'Intel Core i3 7130U 2.7GHz',2083,1309),(2121,'Intel Core i5 8250U 1.6GHz',2083,1311),(2122,'Intel Core i5 7200U 2.5GHz',2083,1308),(2123,'Intel Core i5 8250U 1.6GHz',2083,1308),(2124,'Intel Core i3 6006U 2GHz',2083,1310),(2125,'Intel Core i7 7700HQ 2.8GHz',2083,1311),(2126,'Intel Core i5 7200U 2.5GHz',2083,1310),(2127,'Intel Core i5 8250U 1.6GHz',2083,1309),(2128,'Intel Core i5 8250U 1.6GHz',2083,1311),(2129,'Intel Core i5 2.0GHz',2083,1307),(2130,'Intel Core i3 6006U 2GHz',2083,1312),(2131,'AMD Ryzen 1700 3GHz',2083,1310),(2132,'Intel Core i5 7200U 2.5GHz',2083,1311),(2133,'Intel Pentium Quad Core N4200 1.1GHz',2083,1310),(2134,'Intel Atom x5-Z8550 1.44GHz',2083,1312),(2135,'Intel Core i7 8550U 1.8GHz',2083,1309),(2136,'AMD A6-Series 9220 2.5GHz',2083,1308),(2137,'Intel Core i7 8550U 1.8GHz',2083,1308),(2138,'Intel Core i3 7100U 2.4GHz',2083,1309),(2139,'Intel Core i7 8550U 1.8GHz',2083,1311),(2140,'Intel Core i3 6006U 2GHz',2083,1308),(2141,'Intel Core i5 7200U 2.5GHz',2083,1310),(2142,'Intel Core i7 7700HQ 2.8GHz',2083,1314),(2143,'Intel Core i3 6006U 2GHz',2083,1310),(2144,'Intel Core i7 8550U 1.8GHz',2083,1311),(2145,'Intel Core i5 8250U 1.6GHz',2083,1311),(2146,'Intel Core i3 7130U 2.7GHz',2083,1312),(2147,'Intel Core i5 8250U 1.6GHz',2083,1310),(2148,'Intel Core i5 7200U 2.5GHz',2083,1308),(2149,'Intel Core i7 7700HQ 2.8GHz',2083,1310),(2150,'Intel Core i3 6006U 2GHz',2083,1308),(2151,'Intel Celeron Dual Core N3060 1.6GHz',2083,1308),(2152,'Intel Core i5 7200U 2.5GHz',2083,1312),(2153,'Intel Core i7 7700HQ 2.8GHz',2083,1310),(2154,'Intel Core i5 7200U 2.5GHz',2083,1315),(2155,'Intel Core i7 8550U 1.8GHz',2083,1311),(2156,'Intel Core i7 8550U 1.8GHz',2083,1311),(2157,'Intel Core i5 7300HQ 2.5GHz',2083,1314),(2158,'Intel Core i3 6006U 2GHz',2083,1309),(2159,'Intel Core i7 7700HQ 2.8GHz',2083,1310),(2160,'Intel Core i5 7200U 2.5GHz',2083,1312),(2161,'Intel Core i7 8550U 1.8GHz',2083,1311),(2162,'Intel Core i3 7130U 2.7GHz',2083,1309),(2163,'Intel Core i5 8250U 1.6GHz',2083,1308),(2164,'Intel Core i5 8250U 1.6GHz',2083,1311),(2165,'Intel Core i5 1.3GHz',2083,1307),(2166,'Intel Core i5 8250U 1.6GHz',2083,1308),(2167,'AMD A6-Series 9220 2.5GHz',2083,1312),(2168,'AMD A9-Series 9420 3GHz',2083,1309),(2169,'Intel Core i7 7700HQ 2.8GHz',2083,1311),(2170,'Intel Core i7 8550U 1.8GHz',2083,1308),(2171,'Intel Core i5 7200U 2.5GHz',2083,1308),(2172,'Intel Core i7 7700HQ 2.8GHz',2083,1310),(2173,'Intel Core i7 8550U 1.8GHz',2083,1311),(2174,'AMD FX 9830P 3GHz',2083,1310),(2175,'Intel Core i7 8550U 1.8GHz',2083,1309),(2176,'Intel Core i7 8550U 1.8GHz',2083,1308),(2177,'Intel Core i5 7300HQ 2.5GHz',2083,1311),(2178,'Intel Core i7 7500U 2.7GHz',2083,1310),(2179,'Intel Core i5 8250U 1.6GHz',2083,1309),(2180,'Intel Core i7 7500U 2.7GHz',2083,1311),(2181,'Intel Core i3 6006U 2GHz',2083,1311),(2182,'Intel Core i3 7100U 2.4GHz',2083,1310),(2183,'Intel Core i7 7700HQ 2.8GHz',2083,1308),(2184,'Intel Core i7 7500U 2.7GHz',2083,1308),(2185,'AMD E-Series E2-9000e 1.5GHz',2083,1308),(2186,'Intel Core i5 8250U 1.6GHz',2083,1311),(2187,'Intel Core i7 7500U 2.7GHz',2083,1308),(2188,'Intel Core i5 7200U 2.5GHz',2083,1315),(2189,'Intel Core i5 7200U 2.5GHz',2083,1308),(2190,'Intel Core i3 6006U 2GHz',2083,1312),(2191,'Intel Core i7 7500U 2.7GHz',2083,1310),(2192,'Intel Core i7 7700HQ 2.8GHz',2083,1314),(2193,'Intel Core i7 7500U 2.7GHz',2083,1312),(2194,'Intel Core i7 8550U 1.8GHz',2083,1310),(2195,'Intel Core i7 7560U 2.4GHz',2083,1311),(2196,'Intel Core i5 7200U 2.5GHz',2083,1312),(2197,'Intel Core i5 8250U 1.6GHz',2083,1308),(2198,'Intel Core i5 8250U 1.6GHz',2083,1311),(2199,'Intel Core i5 8250U 1.6GHz',2083,1308),(2200,'Intel Core i7 8550U 1.8GHz',2083,1308),(2201,'Intel Core i7 8550U 1.8GHz',2083,1311),(2202,'Intel Core i3 6006U 2GHz',2083,1310),(2203,'Intel Core i7 8550U 1.8GHz',2083,1310),(2204,'Intel Core i3 7100U 2.4GHz',2083,1309),(2205,'Intel Core i7 7700HQ 2.8GHz',2083,1314),(2206,'Intel Core i5 7200U 2.5GHz',2083,1312),(2207,'Intel Core i7 8550U 1.8GHz',2083,1308),(2208,'AMD A9-Series 9420 3GHz',2083,1309),(2209,'Intel Celeron Dual Core N3060 1.6GHz',2083,1308),(2210,'Intel Core i5 8250U 1.6GHz',2083,1308),(2211,'AMD E-Series 6110 1.5GHz',2083,1310),(2212,'Intel Core i7 8550U 1.8GHz',2083,1311),(2213,'Intel Core i5 8250U 1.6GHz',2083,1308),(2214,'Intel Core i5 7200U 2.5GHz',2083,1311),(2215,'Intel Core i3 6006U 2GHz',2083,1311),(2216,'Intel Core i7 8550U 1.8GHz',2083,1309),(2217,'Intel Core i3 7130U 2.7GHz',2083,1309),(2218,'Intel Core i7 7500U 2.7GHz',2083,1308),(2219,'Intel Core i7 8550U 1.8GHz',2083,1308),(2220,'Intel Celeron Dual Core N3350 1.1GHz',2083,1312),(2221,'Intel Core i5 7300HQ 2.5GHz',2083,1310),(2222,'Intel Core i5 7200U 2.5GHz',2083,1312),(2223,'Intel Core i5 7200U 2.5GHz',2083,1308),(2224,'Intel Core i3 7130U 2.7GHz',2083,1309),(2225,'Intel Core i5 8250U 1.6GHz',2083,1312),(2226,'Intel Core i7 7700HQ 2.8GHz',2083,1312),(2227,'Intel Core i5 6200U 2.3GHz',2083,1316),(2228,'AMD A6-Series 9220 2.5GHz',2083,1308),(2229,'Intel Core i7 8550U 1.8GHz',2083,1310),(2230,'Intel Core M 6Y75 1.2GHz',2083,1308),(2231,'Intel Celeron Dual Core N3350 1.1GHz',2083,1310),(2232,'Intel Core i7 7700HQ 2.8GHz',2083,1314),(2233,'Intel Core i3 6006U 2GHz',2083,1309),(2234,'Intel Core i7 7700HQ 2.8GHz',2083,1311),(2235,'Intel Core i7 7700HQ 2.8GHz',2083,1311),(2236,'Intel Core i5 7200U 2.5GHz',2083,1312),(2237,'Intel Core i7 7700HQ 2.8GHz',2083,1314),(2238,'Intel Core i5 7500U 2.7GHz',2083,1308),(2239,'Intel Core i5 8250U 1.6GHz',2083,1308),(2240,'Intel Core i3 7100U 2.4GHz',2083,1312),(2241,'Intel Core i5 8250U 1.6GHz',2083,1310),(2242,'Intel Core i7 8550U 1.8GHz',2083,1311),(2243,'Intel Core i3 6006U 2.2GHz',2083,1316),(2244,'AMD A9-Series 9420 3GHz',2083,1310),(2245,'Intel Core i5 8250U 1.6GHz',2083,1309),(2246,'Intel Core i5 8250U 1.6GHz',2083,1311),(2247,'Intel Core i7 7700HQ 2.8GHz',2083,1312),(2248,'Intel Celeron Dual Core N3350 1.1GHz',2083,1309),(2249,'Intel Core i7 7700HQ 2.8GHz',2083,1314),(2250,'Intel Pentium Quad Core N4200 1.1GHz',2083,1309),(2251,'Intel Core i7 7700HQ 2.8GHz',2083,1311),(2252,'Intel Core i5 8250U 1.6GHz',2083,1309),(2253,'Intel Core i5 8250U 1.6GHz',2083,1308),(2254,'Intel Core i5 7200U 2.5GHz',2083,1317),(2255,'Intel Core i5 7200U 2.5GHz',2083,1308),(2256,'AMD A6-Series 9220 2.9GHz',2083,1312),(2257,'Intel Core i3 7100U 2.4GHz',2083,1316),(2258,'Intel Core i5 8250U 1.6GHz',2083,1308),(2259,'Intel Core i3 7100U 2.4GHz',2083,1311),(2260,'Intel Core i3 6006U 2GHz',2083,1309),(2261,'Intel Core i7 6920HQ 2.9GHz',2083,1314),(2262,'Intel Core i5 7200U 2.5GHz',2083,1312),(2263,'Intel Core i5 8250U 1.6GHz',2083,1308),(2264,'Intel Core i7 8550U 1.8GHz',2083,1311),(2265,'Intel Core i5 8250U 1.6GHz',2083,1311),(2266,'Intel Core i7 8550U 1.8GHz',2083,1312),(2267,'Intel Core i5 7200U 2.5GHz',2083,1316),(2268,'Intel Core i5 8250U 1.6GHz',2083,1318),(2269,'Intel Core i7 8550U 1.8GHz',2083,1311),(2270,'Intel Core i7 7700HQ 2.8GHz',2083,1311),(2271,'Intel Core i5 7300HQ 2.5GHz',2083,1312),(2272,'Intel Core i5 7Y54 1.2GHz',2083,1309),(2273,'Intel Core i7 8550U 1.8GHz',2083,1311),(2275,'8GB',2274,1307),(2276,'8GB',2274,1307),(2277,'8GB',2274,1308),(2278,'16GB',2274,1307),(2279,'8GB',2274,1307),(2280,'4GB',2274,1309),(2281,'16GB',2274,1307),(2282,'8GB',2274,1307),(2283,'16GB',2274,1310),(2284,'8GB',2274,1309),(2285,'4GB',2274,1308),(2286,'4GB',2274,1308),(2287,'16GB',2274,1307),(2288,'4GB',2274,1311),(2289,'8GB',2274,1307),(2290,'8GB',2274,1307),(2291,'8GB',2274,1311),(2292,'16GB',2274,1307),(2293,'8GB',2274,1312),(2294,'8GB',2274,1311),(2295,'2GB',2274,1310),(2296,'8GB',2274,1312),(2297,'4GB',2274,1308),(2298,'8GB',2274,1311),(2299,'8GB',2274,1308),(2300,'4GB',2274,1311),(2301,'8GB',2274,1307),(2302,'8GB',2274,1311),(2303,'8GB',2274,1311),(2304,'8GB',2274,1308),(2305,'4GB',2274,1313),(2306,'2GB',2274,1310),(2307,'4GB',2274,1308),(2308,'16GB',2274,1311),(2309,'8GB',2274,1307),(2310,'4GB',2274,1312),(2311,'4GB',2274,1309),(2312,'8GB',2274,1311),(2313,'4GB',2274,1308),(2314,'8GB',2274,1308),(2315,'4GB',2274,1310),(2316,'16GB',2274,1311),(2317,'8GB',2274,1310),(2318,'4GB',2274,1309),(2319,'12GB',2274,1311),(2320,'8GB',2274,1307),(2321,'4GB',2274,1312),(2322,'8GB',2274,1310),(2323,'4GB',2274,1311),(2324,'4GB',2274,1310),(2325,'4GB',2274,1312),(2326,'8GB',2274,1309),(2327,'4GB',2274,1308),(2328,'8GB',2274,1308),(2329,'4GB',2274,1309),(2330,'8GB',2274,1311),(2331,'4GB',2274,1308),(2332,'4GB',2274,1310),(2333,'16GB',2274,1314),(2334,'4GB',2274,1310),(2335,'16GB',2274,1311),(2336,'8GB',2274,1311),(2337,'8GB',2274,1312),(2338,'8GB',2274,1310),(2339,'8GB',2274,1308),(2340,'16GB',2274,1310),(2341,'4GB',2274,1308),(2342,'4GB',2274,1308),(2343,'4GB',2274,1312),(2344,'12GB',2274,1310),(2345,'4GB',2274,1315),(2346,'8GB',2274,1311),(2347,'8GB',2274,1311),(2348,'8GB',2274,1314),(2349,'8GB',2274,1309),(2350,'8GB',2274,1310),(2351,'8GB',2274,1312),(2352,'8GB',2274,1311),(2353,'4GB',2274,1309),(2354,'8GB',2274,1308),(2355,'8GB',2274,1311),(2356,'8GB',2274,1307),(2357,'8GB',2274,1308),(2358,'4GB',2274,1312),(2359,'4GB',2274,1309),(2360,'16GB',2274,1311),(2361,'8GB',2274,1308),(2362,'8GB',2274,1308),(2363,'16GB',2274,1310),(2364,'8GB',2274,1311),(2365,'8GB',2274,1310),(2366,'8GB',2274,1309),(2367,'16GB',2274,1308),(2368,'8GB',2274,1311),(2369,'8GB',2274,1310),(2370,'8GB',2274,1309),(2371,'8GB',2274,1311),(2372,'4GB',2274,1311),(2373,'6GB',2274,1310),(2374,'12GB',2274,1308),(2375,'8GB',2274,1308),(2376,'4GB',2274,1308),(2377,'8GB',2274,1311),(2378,'8GB',2274,1308),(2379,'8GB',2274,1315),(2380,'6GB',2274,1308),(2381,'4GB',2274,1312),(2382,'8GB',2274,1310),(2383,'16GB',2274,1314),(2384,'8GB',2274,1312),(2385,'16GB',2274,1310),(2386,'8GB',2274,1311),(2387,'8GB',2274,1312),(2388,'4GB',2274,1308),(2389,'8GB',2274,1311),(2390,'8GB',2274,1308),(2391,'8GB',2274,1308),(2392,'8GB',2274,1311),(2393,'4GB',2274,1310),(2394,'8GB',2274,1310),(2395,'6GB',2274,1309),(2396,'16GB',2274,1314),(2397,'8GB',2274,1312),(2398,'16GB',2274,1308),(2399,'4GB',2274,1309),(2400,'4GB',2274,1308),(2401,'8GB',2274,1308),(2402,'4GB',2274,1310),(2403,'16GB',2274,1311),(2404,'8GB',2274,1308),(2405,'8GB',2274,1311),(2406,'4GB',2274,1311),(2407,'8GB',2274,1309),(2408,'4GB',2274,1309),(2409,'8GB',2274,1308),(2410,'8GB',2274,1308),(2411,'4GB',2274,1312),(2412,'8GB',2274,1310),(2413,'4GB',2274,1312),(2414,'4GB',2274,1308),(2415,'4GB',2274,1309),(2416,'8GB',2274,1312),(2417,'8GB',2274,1312),(2418,'4GB',2274,1316),(2419,'4GB',2274,1308),(2420,'8GB',2274,1310),(2421,'8GB',2274,1308),(2422,'4GB',2274,1310),(2423,'16GB',2274,1314),(2424,'4GB',2274,1309),(2425,'16GB',2274,1311),(2426,'8GB',2274,1311),(2427,'4GB',2274,1312),(2428,'16GB',2274,1314),(2429,'4GB',2274,1308),(2430,'6GB',2274,1308),(2431,'4GB',2274,1312),(2432,'8GB',2274,1310),(2433,'8GB',2274,1311),(2434,'4GB',2274,1316),(2435,'4GB',2274,1310),(2436,'4GB',2274,1309),(2437,'8GB',2274,1311),(2438,'16GB',2274,1312),(2439,'4GB',2274,1309),(2440,'16GB',2274,1314),(2441,'4GB',2274,1309),(2442,'8GB',2274,1311),(2443,'8GB',2274,1309),(2444,'4GB',2274,1308),(2445,'8GB',2274,1317),(2446,'6GB',2274,1308),(2447,'4GB',2274,1312),(2448,'4GB',2274,1316),(2449,'8GB',2274,1308),(2450,'8GB',2274,1311),(2451,'4GB',2274,1309),(2452,'32GB',2274,1314),(2453,'8GB',2274,1312),(2454,'8GB',2274,1308),(2455,'16GB',2274,1311),(2456,'8GB',2274,1311),(2457,'16GB',2274,1312),(2458,'8GB',2274,1316),(2459,'8GB',2274,1318),(2460,'16GB',2274,1311),(2461,'16GB',2274,1311),(2462,'8GB',2274,1312),(2463,'8GB',2274,1309),(2464,'8GB',2274,1311);
/*!40000 ALTER TABLE `items_data` ENABLE KEYS */;
UNLOCK TABLES;

--
-- Table structure for table `items_data_name`
--

DROP TABLE IF EXISTS `items_data_name`;
/*!40101 SET @saved_cs_client     = @@character_set_client */;
/*!50503 SET character_set_client = utf8mb4 */;
CREATE TABLE `items_data_name` (
  `id` bigint NOT NULL,
  `name_data` varchar(255) DEFAULT NULL,
  PRIMARY KEY (`id`)
) ENGINE=InnoDB DEFAULT CHARSET=utf8mb4 COLLATE=utf8mb4_0900_ai_ci;
/*!40101 SET character_set_client = @saved_cs_client */;

--
-- Dumping data for table `items_data_name`
--

LOCK TABLES `items_data_name` WRITE;
/*!40000 ALTER TABLE `items_data_name` DISABLE KEYS */;
INSERT INTO `items_data_name` VALUES (3,'100%_Bran'),(4,'100%_Natural_Bran'),(5,'All-Bran'),(6,'All-Bran_with_Extra_Fiber'),(7,'Almond_Delight'),(8,'Apple_Cinnamon_Cheerios'),(9,'Apple_Jacks'),(10,'Basic_4'),(11,'Bran_Chex'),(12,'Bran_Flakes'),(13,'Cap\'n\'Crunch'),(14,'Cheerios'),(15,'Cinnamon_Toast_Crunch'),(16,'Clusters'),(17,'Cocoa_Puffs'),(18,'Corn_Chex'),(19,'Corn_Flakes'),(20,'Corn_Pops'),(21,'Count_Chocula'),(22,'Cracklin\'_Oat_Bran'),(23,'Cream_of_Wheat_(Quick)'),(24,'Crispix'),(25,'Crispy_Wheat_&_Raisins'),(26,'Double_Chex'),(27,'Froot_Loops'),(28,'Frosted_Flakes'),(29,'Frosted_Mini-Wheats'),(30,'Fruitful_Bran'),(31,'Fruity_Pebbles'),(32,'Golden_Crisp'),(33,'Golden_Grahams'),(34,'Grape_Nuts_Flakes'),(35,'Grape-Nuts'),(36,'Great_Grains_Pecan'),(37,'Honey_Graham_Ohs'),(38,'Honey_Nut_Cheerios'),(39,'Honey-comb'),(40,'Just_Right_Crunchy__Nuggets'),(41,'Just_Right_Fruit_&_Nut'),(42,'Kix'),(43,'Life'),(44,'Lucky_Charms'),(45,'Maypo'),(46,'Mueslix_Crispy_Blend'),(47,'Multi-Grain_Cheerios'),(48,'Nut&Honey_Crunch'),(49,'Nutri-Grain_Almond-Raisin'),(50,'Nutri-grain_Wheat'),(51,'Oatmeal_Raisin_Crisp'),(52,'Post_Nat._Raisin_Bran'),(53,'Product_19'),(54,'Puffed_Rice'),(55,'Puffed_Wheat'),(56,'Quaker_Oat_Squares'),(57,'Quaker_Oatmeal'),(58,'Raisin_Bran'),(59,'Raisin_Nut_Bran'),(60,'Raisin_Squares'),(61,'Rice_Chex'),(62,'Rice_Krispies'),(63,'Shredded_Wheat'),(64,'Shredded_Wheat_\'n\'Bran'),(65,'Shredded_Wheat_spoon_size'),(66,'Smacks'),(67,'Special_K'),(68,'Strawberry_Fruit_Wheats'),(69,'Total_Corn_Flakes'),(70,'Total_Raisin_Bran'),(71,'Total_Whole_Grain'),(72,'Triples'),(73,'Trix'),(74,'Wheat_Chex'),(75,'Wheaties'),(76,'Wheaties_Honey_Gold'),(529,'Acura 3.5 RL 4dr'),(530,'Acura 3.5 RL w/Navigation 4dr'),(531,'Acura MDX'),(532,'Acura NSX coupe 2dr manual S'),(533,'Acura RSX Type S 2dr'),(534,'Acura TL 4dr'),(535,'Acura TSX 4dr'),(536,'Audi A4 1.8T 4dr'),(537,'Audi A4 3.0 4dr'),(538,'Audi A4 3.0 convertible 2dr'),(539,'Audi A4 3.0 Quattro 4dr auto'),(540,'Audi A4 3.0 Quattro 4dr manual'),(541,'Audi A4 3.0 Quattro convertible 2dr'),(542,'Audi A41.8T convertible 2dr'),(543,'Audi A6 2.7 Turbo Quattro 4dr'),(544,'Audi A6 3.0 4dr'),(545,'Audi A6 3.0 Avant Quattro'),(546,'Audi A6 3.0 Quattro 4dr'),(547,'Audi A6 4.2 Quattro 4dr'),(548,'Audi A8 L Quattro 4dr'),(549,'Audi RS 6 4dr'),(550,'Audi S4 Avant Quattro'),(551,'Audi S4 Quattro 4dr'),(552,'Audi TT 1.8 convertible 2dr (coupe)'),(553,'Audi TT 1.8 Quattro 2dr (convertible)'),(554,'Audi TT 3.2 coupe 2dr (convertible)'),(555,'BMW 325Ci 2dr'),(556,'BMW 325Ci convertible 2dr'),(557,'BMW 325i 4dr'),(558,'BMW 325xi 4dr'),(559,'BMW 325xi Sport'),(560,'BMW 330Ci 2dr'),(561,'BMW 330Ci convertible 2dr'),(562,'BMW 330i 4dr'),(563,'BMW 330xi 4dr'),(564,'BMW 525i 4dr'),(565,'BMW 530i 4dr'),(566,'BMW 545iA 4dr'),(567,'BMW 745i 4dr'),(568,'BMW 745Li 4dr'),(569,'BMW M3 convertible 2dr'),(570,'BMW M3 coupe 2dr'),(571,'BMW X3 3.0i'),(572,'BMW X5 4.4i'),(573,'BMW Z4 convertible 2.5i 2dr'),(574,'BMW Z4 convertible 3.0i 2dr'),(575,'Buick Century Custom 4dr'),(576,'Buick LeSabre Custom 4dr'),(577,'Buick LeSabre Limited 4dr'),(578,'Buick Park Avenue 4dr'),(579,'Buick Park Avenue Ultra 4dr'),(580,'Buick Rainier'),(581,'Buick Regal GS 4dr'),(582,'Buick Regal LS 4dr'),(583,'Buick Rendezvous CX'),(584,'Cadillac CTS VVT 4dr'),(585,'Cadillac Deville 4dr'),(586,'Cadillac Deville DTS 4dr'),(587,'Cadillac Escaladet'),(588,'Cadillac Seville SLS 4dr'),(589,'Cadillac SRX V8'),(590,'Cadillac XLR convertible 2dr'),(591,'Chevrolet Astro'),(592,'Chevrolet Aveo 4dr'),(593,'Chevrolet Aveo LS 4dr hatch'),(594,'Chevrolet Cavalier 2dr'),(595,'Chevrolet Cavalier 4dr'),(596,'Chevrolet Cavalier LS 2dr'),(597,'Chevrolet Corvette 2dr'),(598,'Chevrolet Corvette convertible 2dr'),(599,'Chevrolet Impala 4dr'),(600,'Chevrolet Impala LS 4dr'),(601,'Chevrolet Impala SS 4dr'),(602,'Chevrolet Malibu 4dr'),(603,'Chevrolet Malibu LS 4dr'),(604,'Chevrolet Malibu LT 4dr'),(605,'Chevrolet Malibu Maxx LS'),(606,'Chevrolet Monte Carlo LS 2dr'),(607,'Chevrolet Monte Carlo SS 2dr'),(608,'Chevrolet Suburban 1500 LT'),(609,'Chevrolet Tahoe LT'),(610,'Chevrolet Tracker'),(611,'Chevrolet TrailBlazer LT'),(612,'Chevrolet Venture LS'),(613,'Chrvsler PT Cruiser GT 4dr'),(614,'Chrysler 300M 4dr'),(615,'Chrysler 300M Special Edition 4dr'),(616,'Chrysler Concorde LX 4dr'),(617,'Chrysler Concorde LXi 4dr'),(618,'Chrysler Crossfire 2dr'),(619,'Chrysler Pacifica'),(620,'Chrysler PT Cruiser 4dr'),(621,'Chrysler PT Cruiser Limited 4dr'),(622,'Chrysler Sebring 4dr'),(623,'Chrysler Sebring convertible 2dr'),(624,'Chrysler Sebring Limited convertible 2dr'),(625,'Chrysler Sebring Touring 4dr'),(626,'Chrysler Town and Country Limited'),(627,'Chrysler Town and Country LX'),(628,'CMC Yukon 1500 SLE'),(629,'Dodge Caravan SE'),(630,'Dodge Durango SLT'),(631,'Dodge Grand Caravan SXT'),(632,'Dodge Intrepid ES 4dr'),(633,'Dodge Intrepid SE 4dr'),(634,'Dodge Neon SE 4dr'),(635,'Dodge Neon SXT 4dr'),(636,'Dodge Stratus SE 4dr'),(637,'Dodge Stratus SXT 4dr'),(638,'Ford Crown Victoria 4dr'),(1307,'Apple'),(1308,'HP'),(1309,'Acer'),(1310,'Asus'),(1311,'Dell'),(1312,'Lenovo'),(1313,'Chuwi'),(1314,'MSI'),(1315,'Microsoft'),(1316,'Toshiba'),(1317,'Huawei'),(1318,'Xiaomi');
/*!40000 ALTER TABLE `items_data_name` ENABLE KEYS */;
UNLOCK TABLES;

--
-- Table structure for table `main_item`
--

DROP TABLE IF EXISTS `main_item`;
/*!40101 SET @saved_cs_client     = @@character_set_client */;
/*!50503 SET character_set_client = utf8mb4 */;
CREATE TABLE `main_item` (
  `id` bigint NOT NULL,
  `name` varchar(255) DEFAULT NULL,
  PRIMARY KEY (`id`)
) ENGINE=InnoDB DEFAULT CHARSET=utf8mb4 COLLATE=utf8mb4_0900_ai_ci;
/*!40101 SET character_set_client = @saved_cs_client */;

--
-- Dumping data for table `main_item`
--

LOCK TABLES `main_item` WRITE;
/*!40000 ALTER TABLE `main_item` DISABLE KEYS */;
INSERT INTO `main_item` VALUES (1,'cereal'),(527,'cars'),(1305,'laptop');
/*!40000 ALTER TABLE `main_item` ENABLE KEYS */;
UNLOCK TABLES;
/*!40103 SET TIME_ZONE=@OLD_TIME_ZONE */;

/*!40101 SET SQL_MODE=@OLD_SQL_MODE */;
/*!40014 SET FOREIGN_KEY_CHECKS=@OLD_FOREIGN_KEY_CHECKS */;
/*!40014 SET UNIQUE_CHECKS=@OLD_UNIQUE_CHECKS */;
/*!40101 SET CHARACTER_SET_CLIENT=@OLD_CHARACTER_SET_CLIENT */;
/*!40101 SET CHARACTER_SET_RESULTS=@OLD_CHARACTER_SET_RESULTS */;
/*!40101 SET COLLATION_CONNECTION=@OLD_COLLATION_CONNECTION */;
/*!40111 SET SQL_NOTES=@OLD_SQL_NOTES */;

-- Dump completed on 2026-01-17 19:30:14
